ID,Class
16_1,2
16_2,3
16_3,2
25_1,2
25_2,5
25_3,7
25_4,6
25_5,6
36_1,2
36_2,5
36_3,4
36_4,5
36_5,6
40_1,2
40_2,5
40_3,3
40_4,3
40_5,5
40_6,5
74_1,2
74_2,2
74_3,5
74_4,5
74_5,4
74_6,5
75_1,2
75_2,6
75_3,5
77_1,1
77_2,5
77_3,3
77_4,6
96_1,2
96_2,3
96_3,5
96_4,4
96_5,5
96_6,6
96_7,5
103_1,1
103_2,4
103_3,4
103_4,7
103_5,4
103_6,6
103_7,6
103_8,7
103_9,7
103_10,6
106_1,0
106_2,5
106_3,7
147_1,1
147_2,5
147_3,5
147_4,7
147_5,7
155_1,1
155_2,4
155_3,5
155_4,4
155_5,7
155_6,6
155_7,4
161_1,2
161_2,5
161_3,4
161_4,5
161_5,5
161_6,5
161_7,7
161_8,8
165_1,1
165_2,4
165_3,2
165_4,4
165_5,3
172_1,2
172_2,5
172_3,1
172_4,5
172_5,6
172_6,5
172_7,6
172_8,5
172_9,2
172_10,5
193_1,2
193_2,6
193_3,6
194_1,1
194_2,5
194_3,4
194_4,5
194_5,5
194_6,7
194_7,6
194_8,7
198_1,2
198_2,3
198_3,2
198_4,5
198_5,3
214_1,1
214_2,5
214_3,3
214_4,5
214_5,5
214_6,5
214_7,5
214_8,7
228_1,1
228_2,5
228_3,6
238_1,2
238_2,5
238_3,5
238_4,5
243_1,1
243_2,5
243_3,1
251_1,1
251_2,5
251_3,5
251_4,6
256_1,2
256_2,5
256_3,3
256_4,5
283_1,2
283_2,3
283_3,3
283_4,5
283_5,6
284_1,1
284_2,5
284_3,6
284_4,6
303_1,1
303_2,4
303_3,5
303_4,5
307_1,1
307_2,5
307_3,7
324_1,3
324_2,5
324_3,7
357_1,1
357_2,5
357_3,5
370_1,1
370_2,5
370_3,4
370_4,5
380_1,2
380_2,5
380_3,5
380_4,5
380_5,5
380_6,5
380_7,6
380_8,7
380_9,7
383_1,1
383_2,5
383_3,7
383_4,5
383_5,2
390_1,1
390_2,5
390_3,3
390_4,5
399_1,3
399_2,3
399_3,2
399_4,5
399_5,2
399_6,5
399_7,6
422_1,1
422_2,4
422_3,7
442_1,2
442_2,5
442_3,3
442_4,4
443_1,1
443_2,5
443_3,5
443_4,5
458_1,2
458_2,3
458_3,2
458_4,2
458_5,6
458_6,5
476_1,1
476_2,5
476_3,6
478_1,1
478_2,4
478_3,4
478_4,6
478_5,6
485_1,1
485_2,5
485_3,4
486_1,1
486_2,4
486_3,6
494_1,1
494_2,5
494_3,7
500_1,2
500_2,6
500_3,2
500_4,5
500_5,2
500_6,5
500_7,5
500_8,6
503_1,1
503_2,5
503_3,4
503_4,5
503_5,7
505_1,2
505_2,2
505_3,7
505_4,7
505_5,5
521_1,1
521_2,6
521_3,4
521_4,6
543_1,1
543_2,3
543_3,7
543_4,5
543_5,6
543_6,5
562_1,2
562_2,5
562_3,6
563_1,3
563_2,5
563_3,6
573_1,2
573_2,5
573_3,6
573_4,6
575_1,2
575_2,5
575_3,6
575_4,5
575_5,6
577_1,1
577_2,5
577_3,4
587_1,3
587_2,4
587_3,4
588_1,1
588_2,4
588_3,5
588_4,4
588_5,2
619_1,1
619_2,4
619_3,5
619_4,7
619_5,7
619_6,5
628_1,2
628_2,5
628_3,5
628_4,5
628_5,5
628_6,6
631_1,2
631_2,6
631_3,5
631_4,6
631_5,7
633_1,2
633_2,5
633_3,3
633_4,5
633_5,5
633_6,5
633_7,5
635_1,1
635_2,5
635_3,5
635_4,5
635_5,7
642_1,1
642_2,5
642_3,5
642_4,7
642_5,7
647_1,2
647_2,5
647_3,4
647_4,6
651_1,1
651_2,3
651_3,5
651_4,4
651_5,5
651_6,2
651_7,6
651_8,5
651_9,5
651_10,7
654_1,1
654_2,5
654_3,5
654_4,3
654_5,2
654_6,5
661_1,2
661_2,6
661_3,4
661_4,5
661_5,5
662_1,3
662_2,5
662_3,2
663_1,2
663_2,4
663_3,6
674_1,2
674_2,3
674_3,5
677_1,2
677_2,5
677_3,5
696_1,1
696_2,5
696_3,6
696_4,7
719_1,1
719_2,5
719_3,4
719_4,7
720_1,2
720_2,5
720_3,7
720_4,5
728_1,1
728_2,5
728_3,4
728_4,7
728_5,5
728_6,7
737_1,2
737_2,5
737_3,5
737_4,5
743_1,2
743_2,4
743_3,5
743_4,5
745_1,1
745_2,5
745_3,5
745_4,5
785_1,1
785_2,5
785_3,6
794_1,1
794_2,3
794_3,4
794_4,6
811_1,0
811_2,5
811_3,6
852_1,1
852_2,6
852_3,3
853_1,2
853_2,5
853_3,5
853_4,6
860_1,1
860_2,5
860_3,6
868_1,1
868_2,5
868_3,1
868_4,6
868_5,5
886_1,1
886_2,5
886_3,5
922_1,1
922_2,5
922_3,5
922_4,7
922_5,6
940_1,1
940_2,5
940_3,2
940_4,5
940_5,4
940_6,6
940_7,6
951_1,2
951_2,5
951_3,7
956_1,2
956_2,5
956_3,3
956_4,7
1113_1,1
1113_2,5
1113_3,1
1129_1,1
1129_2,5
1129_3,3
1129_4,5
1129_5,4
1129_6,4
1129_7,5
1129_8,5
1129_9,5
1144_1,1
1144_2,5
1144_3,5
1144_4,2
1144_5,2
1144_6,6
1144_7,3
1144_8,3
1166_1,2
1166_2,5
1166_3,2
1170_1,1
1170_2,4
1170_3,1
1170_4,3
1170_5,4
1170_6,5
1170_7,3
1170_8,6
1170_9,5
1170_10,6
1190_1,2
1190_2,4
1190_3,6
1369_1,1
1369_2,5
1369_3,5
1390_1,1
1390_2,3
1390_3,6
1421_1,1
1421_2,5
1421_3,3
1421_4,6
1421_5,5
1421_6,5
1423_1,1
1423_2,5
1423_3,5
1423_4,7
1515_1,1
1515_2,6
1515_3,7
1572_1,1
1572_2,5
1572_3,2
1572_4,5
1572_5,3
1572_6,4
1572_7,5
1572_8,3
1589_1,2
1589_2,5
1589_3,6
1598_1,2
1598_2,5
1598_3,6
1598_4,5
1618_1,1
1618_2,5
1618_3,3
1618_4,3
1629_1,1
1629_2,4
1629_3,3
1629_4,2
1687_1,1
1687_2,5
1687_3,1
1687_4,5
1738_1,1
1738_2,3
1738_3,4
1738_4,5
1738_5,6
1746_1,1
1746_2,3
1746_3,5
1746_4,5
1746_5,6
1782_1,1
1782_2,5
1782_3,5
1782_4,2
1782_5,6
1786_1,2
1786_2,5
1786_3,7
1786_4,5
1804_1,1
1804_2,2
1804_3,6
1816_1,1
1816_2,3
1816_3,3
1816_4,3
1816_5,5
1816_6,5
1835_1,1
1835_2,5
1835_3,7
1895_1,1
1895_2,5
1895_3,6
1929_1,1
1929_2,6
1929_3,7
1929_4,5
1935_1,1
1935_2,5
1935_3,6
1935_4,5
1935_5,6
1935_6,6
1959_1,3
1959_2,6
1959_3,5
1959_4,6
1994_1,2
1994_2,4
1994_3,4
1994_4,6
1994_5,6
1994_6,5
2000_1,2
2000_2,5
2000_3,6
2000_4,5
2000_5,5
2008_1,1
2008_2,5
2008_3,3
2008_4,5
2008_5,5
2008_6,3
2008_7,5
2008_8,5
2008_9,5
2008_10,6
2149_1,1
2149_2,6
2149_3,5
2149_4,4
2149_5,6
2149_6,5
2149_7,6
2184_1,1
2184_2,5
2184_3,5
2188_1,1
2188_2,6
2188_3,5
2188_4,5
2188_5,1
2188_6,5
2193_1,1
2193_2,4
2193_3,3
2193_4,3
2193_5,5
2208_1,1
2208_2,5
2208_3,6
2243_1,2
2243_2,5
2243_3,4
2251_1,1
2251_2,5
2251_3,6
2275_1,1
2275_2,5
2275_3,5
2275_4,5
2275_5,4
2275_6,5
2275_7,6
2275_8,5
2275_9,5
2275_10,5
2350_1,1
2350_2,5
2350_3,6
2360_1,3
2360_2,5
2360_3,6
2360_4,5
2360_5,5
2360_6,6
2364_1,1
2364_2,6
2364_3,4
2364_4,5
2364_5,5
2378_1,1
2378_2,4
2378_3,5
2378_4,7
2378_5,6
2425_1,1
2425_2,5
2425_3,6
2439_1,3
2439_2,6
2439_3,4
2439_4,6
2439_5,4
2439_6,5
2439_7,5
2439_8,5
2449_1,1
2449_2,5
2449_3,4
2563_1,0
2563_2,3
2563_3,3
2564_1,1
2564_2,5
2564_3,5
2570_1,1
2570_2,3
2570_3,4
2570_4,3
2570_5,6
2570_6,5
2570_7,1
2570_8,6
2573_1,1
2573_2,6
2573_3,4
2609_1,1
2609_2,6
2609_3,3
2640_1,1
2640_2,6
2640_3,2
2640_4,4
2640_5,5
2640_6,6
2641_1,1
2641_2,5
2641_3,5
2651_1,1
2651_2,5
2651_3,3
2654_1,2
2654_2,5
2654_3,6
2654_4,5
2654_5,5
2654_6,5
2654_7,6
2654_8,6
2654_9,3
2658_1,3
2658_2,5
2658_3,6
2667_1,2
2667_2,5
2667_3,3
2667_4,4
2667_5,7
2667_6,5
2667_7,7
2687_1,1
2687_2,4
2687_3,3
2687_4,6
2687_5,6
2687_6,5
2687_7,5
2691_1,1
2691_2,5
2691_3,5
2691_4,6
2691_5,6
2716_1,1
2716_2,6
2716_3,4
2716_4,5
2720_1,2
2720_2,3
2720_3,6
2720_4,5
2720_5,5
2720_6,3
2720_7,5
2724_1,1
2724_2,6
2724_3,5
2724_4,5
2735_1,4
2735_2,5
2735_3,7
2738_1,1
2738_2,5
2738_3,6
2738_4,6
2738_5,7
2738_6,6
2738_7,7
2743_1,1
2743_2,4
2743_3,3
2743_4,5
2743_5,1
2743_6,2
2743_7,1
2743_8,5
2743_9,7
2754_1,1
2754_2,5
2754_3,7
2756_1,1
2756_2,5
2756_3,6
2757_1,1
2757_2,5
2757_3,4
2757_4,4
2757_5,6
2759_1,0
2759_2,6
2759_3,6
2788_1,0
2788_2,4
2788_3,6
2788_4,5
2788_5,2
2788_6,5
2818_1,1
2818_2,6
2818_3,4
2818_4,5
2860_1,1
2860_2,5
2860_3,5
2860_4,7
2860_5,6
2874_1,1
2874_2,5
2874_3,6
2874_4,4
2885_1,1
2885_2,5
2885_3,7
2901_1,2
2901_2,5
2901_3,5
2901_4,3
2901_5,4
2919_1,0
2919_2,5
2919_3,6
2927_1,1
2927_2,4
2927_3,7
2927_4,5
2927_5,6
2927_6,5
2927_7,7
2965_1,2
2965_2,5
2965_3,4
2965_4,5
2965_5,5
2965_6,6
2965_7,5
3009_1,2
3009_2,4
3009_3,5
3009_4,6
3036_1,2
3036_2,5
3036_3,2
3046_1,2
3046_2,5
3046_3,7
3046_4,4
3046_5,3
3046_6,6
3046_7,5
3053_1,1
3053_2,4
3053_3,1
3053_4,6
3054_1,1
3054_2,5
3054_3,3
3054_4,6
3066_1,1
3066_2,2
3066_3,5
3066_4,5
3074_1,2
3074_2,5
3074_3,5
3074_4,5
3081_1,1
3081_2,5
3081_3,5
3081_4,2
3081_5,3
3081_6,5
3081_7,4
3081_8,6
3081_9,6
3113_1,2
3113_2,5
3113_3,5
3113_4,3
3120_1,1
3120_2,5
3120_3,7
3120_4,5
3123_1,2
3123_2,4
3123_3,3
3123_4,5
3123_5,5
3123_6,6
3150_1,1
3150_2,5
3150_3,5
3164_1,1
3164_2,5
3164_3,6
3164_4,3
3164_5,5
3172_1,1
3172_2,6
3172_3,6
3172_4,6
3173_1,1
3173_2,6
3173_3,2
3173_4,3
3173_5,5
3173_6,3
3224_1,1
3224_2,5
3224_3,2
3224_4,5
3228_1,1
3228_2,4
3228_3,5
3228_4,5
3254_1,2
3254_2,4
3254_3,3
3254_4,5
3254_5,5
3276_1,1
3276_2,5
3276_3,6
3285_1,3
3285_2,5
3285_3,5
3289_1,1
3289_2,5
3289_3,3
3289_4,2
3289_5,3
3289_6,2
3289_7,5
3289_8,1
3304_1,2
3304_2,4
3304_3,6
3321_1,1
3321_2,5
3321_3,6
3353_1,1
3353_2,5
3353_3,5
3353_4,7
3368_1,1
3368_2,5
3368_3,5
3373_1,1
3373_2,5
3373_3,6
3373_4,4
3378_1,1
3378_2,5
3378_3,5
3378_4,5
3420_1,1
3420_2,5
3420_3,5
3420_4,5
3430_1,1
3430_2,4
3430_3,5
3432_1,0
3432_2,5
3432_3,6
3432_4,5
3432_5,5
3439_1,1
3439_2,5
3439_3,5
3439_4,5
3447_1,2
3447_2,4
3447_3,3
3447_4,4
3447_5,6
3476_1,2
3476_2,6
3476_3,5
3476_4,5
3487_1,2
3487_2,4
3487_3,4
3487_4,5
3487_5,5
3523_1,1
3523_2,5
3523_3,7
3523_4,3
3529_1,1
3529_2,2
3529_3,4
3529_4,5
3529_5,5
3532_1,1
3532_2,5
3532_3,5
3547_1,3
3547_2,5
3547_3,5
3547_4,5
3547_5,3
3547_6,5
3547_7,7
3547_8,7
3548_1,1
3548_2,4
3548_3,6
3548_4,6
3548_5,4
3572_1,1
3572_2,4
3572_3,5
3572_4,7
3576_1,2
3576_2,5
3576_3,5
3576_4,7
3592_1,1
3592_2,5
3592_3,5
3599_1,0
3599_2,5
3599_3,5
3599_4,5
3599_5,5
3599_6,4
3599_7,5
3599_8,5
3599_9,7
3599_10,8
3600_1,3
3600_2,5
3600_3,7
3664_1,2
3664_2,3
3664_3,5
3664_4,5
3664_5,6
3671_1,3
3671_2,6
3671_3,7
3675_1,2
3675_2,6
3675_3,3
3688_1,3
3688_2,5
3688_3,4
3688_4,5
3688_5,4
3688_6,5
3688_7,5
3688_8,5
3688_9,6
3688_10,5
3690_1,1
3690_2,4
3690_3,5
3724_1,1
3724_2,4
3724_3,6
3735_1,2
3735_2,5
3735_3,5
3735_4,6
3735_5,5
3773_1,4
3773_2,4
3773_3,4
3773_4,2
3786_1,2
3786_2,2
3786_3,5
3786_4,5
3796_1,2
3796_2,5
3796_3,5
3818_1,2
3818_2,5
3818_3,2
3820_1,1
3820_2,5
3820_3,7
3835_1,1
3835_2,3
3835_3,3
3835_4,4
3844_1,1
3844_2,5
3844_3,1
3844_4,5
3844_5,2
3844_6,5
3844_7,5
3849_1,1
3849_2,5
3849_3,2
3849_4,5
3867_1,1
3867_2,5
3867_3,2
3867_4,4
3869_1,1
3869_2,5
3869_3,6
3869_4,5
3915_1,2
3915_2,5
3915_3,5
3958_1,2
3958_2,4
3958_3,6
3958_4,6
3972_1,1
3972_2,5
3972_3,6
3972_4,6
3972_5,2
3972_6,5
3975_1,1
3975_2,3
3975_3,6
3975_4,6
3975_5,2
3979_1,2
3979_2,4
3979_3,3
3979_4,3
3979_5,5
3979_6,6
3979_7,5
3979_8,6
3979_9,5
3990_1,2
3990_2,5
3990_3,3
3990_4,7
4000_1,1
4000_2,5
4000_3,4
4000_4,4
4000_5,5
4000_6,5
4000_7,5
4039_1,2
4039_2,5
4039_3,3
4039_4,5
4058_1,1
4058_2,6
4058_3,6
4058_4,6
4075_1,2
4075_2,5
4075_3,5
4075_4,5
4105_1,2
4105_2,5
4105_3,7
4105_4,4
4118_1,3
4118_2,5
4118_3,5
4142_1,2
4142_2,5
4142_3,6
4142_4,5
4142_5,5
4142_6,6
4142_7,5
4150_1,1
4150_2,6
4150_3,5
4177_1,1
4177_2,5
4177_3,5
4177_4,5
4177_5,5
4187_1,1
4187_2,5
4187_3,6
4187_4,6
4200_1,1
4200_2,4
4200_3,5
4200_5,5
4252_1,1
4252_2,6
4252_3,5
4252_4,3
4252_5,4
4252_6,4
4252_7,4
4252_8,4
4252_9,4
4269_1,2
4269_2,4
4269_3,2
4290_1,1
4290_2,5
4290_3,2
4292_1,1
4292_2,6
4292_3,1
4292_4,5
4292_5,3
4292_6,2
4292_7,4
4292_8,2
4307_1,1
4307_2,5
4307_3,5
4307_4,5
4307_5,5
4307_6,6
4307_7,5
4314_1,1
4314_2,5
4314_3,3
4314_4,5
4317_1,1
4317_2,5
4317_3,6
4318_1,1
4318_2,5
4318_3,2
4318_4,2
4343_1,1
4343_2,6
4343_3,6
4352_1,2
4352_2,5
4352_3,5
4360_1,1
4360_2,5
4360_3,5
4360_4,5
4373_1,1
4373_2,5
4373_3,4
4377_1,3
4377_2,5
4377_3,6
4381_1,1
4381_2,6
4381_3,3
4388_1,2
4388_2,4
4388_3,5
4414_1,1
4414_2,6
4414_3,3
4414_4,6
4415_1,1
4415_2,5
4415_3,5
4439_1,1
4439_2,5
4439_3,3
4439_5,6
4461_1,3
4461_2,5
4461_3,4
4461_4,5
4476_1,1
4476_2,4
4476_3,4
4476_4,6
4476_5,2
4476_6,5
4476_7,4
4512_1,1
4512_2,5
4512_3,5
4522_1,1
4522_2,6
4522_3,2
4522_4,3
4534_1,1
4534_2,5
4534_3,5
4584_1,2
4584_2,5
4584_3,6
4621_1,1
4621_2,6
4621_3,1
4621_4,5
4649_1,1
4649_2,3
4649_3,4
4649_4,5
4649_5,6
4677_1,1
4677_2,5
4677_3,5
4677_4,5
4677_5,7
4729_1,1
4729_2,5
4729_3,6
4758_1,1
4758_2,4
4758_3,3
4758_4,5
4758_5,5
4758_6,6
4758_7,5
4759_1,1
4759_2,5
4759_3,6
4759_4,5
4759_5,4
4759_6,6
4759_7,4
4759_8,5
4788_1,2
4788_2,4
4788_3,5
4788_4,5
4788_5,2
4788_6,5
4788_7,4
4792_1,2
4792_2,3
4792_3,5
4813_1,1
4813_2,5
4813_3,4
4813_4,5
4825_1,1
4825_2,5
4825_3,5
4826_1,2
4826_2,5
4826_3,5
4826_4,5
4826_5,5
4827_1,3
4827_2,4
4827_3,5
4827_4,5
4827_5,7
4827_6,6
4845_1,1
4845_2,4
4845_3,0
4845_4,5
4845_5,6
4850_1,1
4850_2,3
4850_3,5
4850_4,5
4862_1,1
4862_2,6
4862_3,3
4862_4,6
4862_5,5
4866_1,1
4866_2,6
4866_3,6
4877_1,1
4877_2,2
4877_3,2
4877_4,3
4877_5,6
4877_6,6
4896_1,1
4896_2,5
4896_3,3
4896_4,4
4902_1,1
4902_2,5
4902_3,6
4902_4,5
4920_1,3
4920_2,5
4920_4,7
4920_5,5
4920_6,5
4922_1,2
4922_2,5
4922_3,6
4922_4,6
4922_5,5
4930_1,1
4930_2,5
4930_3,5
4930_4,5
4930_5,6
4954_1,1
4954_2,5
4954_3,5
4954_4,5
4958_1,2
4958_2,6
4958_3,6
4959_1,2
4959_2,5
4959_3,5
4959_4,5
4967_1,1
4967_2,3
4967_3,7
4967_4,5
5001_1,1
5001_2,3
5001_3,1
5001_4,5
5025_1,2
5025_2,4
5025_3,0
5025_4,2
5025_5,5
5026_1,1
5026_2,6
5026_3,6
5026_4,6
5081_1,2
5081_2,5
5081_3,5
5098_1,1
5098_2,4
5098_3,5
5098_4,4
5098_5,5
5136_1,1
5136_2,5
5136_3,5
5136_4,6
5136_5,7
5145_1,2
5145_2,5
5145_3,5
5145_4,4
5145_5,5
5161_1,2
5161_2,5
5161_3,7
5173_1,1
5173_2,6
5173_3,4
5190_1,2
5190_2,3
5190_3,5
5198_1,1
5198_2,5
5198_3,6
5232_1,1
5232_2,4
5232_3,2
5232_4,5
5234_1,2
5234_2,4
5234_3,5
5237_1,2
5237_2,6
5237_3,5
5241_1,1
5241_2,6
5241_3,5
5278_1,2
5278_2,5
5278_3,5
5278_4,6
5278_5,4
5278_6,3
5278_7,5
5278_8,4
5278_9,5
5282_1,1
5282_2,5
5282_3,5
5282_4,5
5282_5,5
5282_6,6
5282_7,7
5282_8,5
5283_1,1
5283_2,5
5283_3,3
5283_4,7
5283_5,7
5283_6,7
5303_1,1
5303_2,3
5303_3,4
5303_4,5
5303_5,4
5303_6,3
5303_7,4
5359_1,2
5359_2,4
5359_3,5
5359_4,4
5370_1,1
5370_2,5
5370_3,5
5370_4,5
5370_5,3
5388_1,1
5388_2,5
5388_3,3
5388_4,5
5388_5,5
5388_6,5
5388_7,5
5388_8,7
5388_9,5
5388_10,5
5391_1,3
5391_2,5
5391_3,5
5393_1,1
5393_2,5
5393_3,3
5393_4,5
5393_5,6
5397_1,1
5397_2,5
5397_3,2
5411_1,1
5411_2,4
5411_3,4
5411_4,5
5480_1,2
5480_2,5
5480_3,5
5488_1,1
5488_2,4
5488_3,3
5500_1,2
5500_2,5
5500_3,7
5500_4,6
5504_1,1
5504_2,5
5504_3,2
5504_4,5
5504_5,6
5522_1,1
5522_2,5
5522_3,5
5522_4,4
5522_5,5
5522_6,2
5529_1,1
5529_2,2
5529_3,5
5547_1,2
5547_2,4
5547_3,5
5547_4,3
5547_5,5
5547_6,5
5547_7,5
5547_8,5
5547_9,5
5547_10,2
5555_1,1
5555_2,5
5555_3,2
5555_4,5
5555_5,5
5565_1,3
5565_2,6
5565_3,2
5577_1,2
5577_2,4
5577_3,6
5588_1,2
5588_2,5
5588_3,4
5588_4,6
5588_5,6
5594_1,1
5594_2,3
5594_3,5
5594_4,6
5625_1,1
5625_2,5
5625_3,3
5625_4,4
5653_1,1
5653_2,5
5653_3,4
5653_4,6
5670_1,1
5670_2,5
5670_3,1
5670_4,5
5670_5,4
5677_1,1
5677_2,5
5677_3,5
5677_4,5
5683_1,1
5683_2,5
5683_3,3
5683_4,3
5683_5,6
5683_6,5
5683_7,4
5702_1,1
5702_2,5
5702_3,7
5702_4,6
5706_1,1
5706_2,5
5706_3,5
5706_4,3
5708_1,2
5708_2,5
5708_3,6
5708_4,6
5708_5,5
5721_1,2
5721_2,6
5721_3,5
5721_4,6
5725_1,1
5725_2,5
5725_3,6
5725_4,6
5766_1,1
5766_2,5
5766_3,5
5766_4,4
5766_5,5
5768_1,1
5768_2,4
5768_3,6
5768_4,5
5768_5,5
5768_6,5
5768_7,4
5768_8,5
5783_1,1
5783_2,5
5783_3,5
5783_4,5
5783_5,6
5784_1,1
5784_2,5
5784_3,3
5784_4,5
5798_1,1
5798_2,5
5798_3,2
5798_4,5
5798_5,2
5798_6,6
5798_7,3
5804_1,1
5804_2,5
5804_3,7
5804_4,5
5804_5,3
5804_6,6
5811_1,2
5811_2,4
5811_3,3
5811_4,5
5811_5,6
5828_1,1
5828_2,5
5828_3,2
5828_4,5
5877_1,1
5877_2,3
5877_3,4
5877_4,5
5877_5,5
5877_6,5
5877_7,5
5891_1,2
5891_2,5
5891_3,5
5933_1,1
5933_2,5
5933_3,7
5933_4,7
5984_1,2
5984_2,5
5984_3,2
5986_1,1
5986_2,4
5986_3,3
5986_4,5
5986_5,5
5986_6,5
5986_7,6
5986_8,5
5996_1,1
5996_2,3
5996_3,6
5996_4,3
5996_5,7
5996_6,5
5997_1,2
5997_2,5
5997_3,3
5997_4,4
6017_1,1
6017_2,5
6017_3,5
6017_4,3
6040_1,3
6040_2,5
6040_3,0
6040_5,5
6047_1,1
6047_2,6
6047_3,5
6064_1,2
6064_2,5
6064_3,2
6064_4,5
6064_5,6
6067_1,2
6067_2,5
6067_3,5
6067_4,5
6067_5,6
6067_6,6
6088_1,1
6088_2,5
6088_3,3
6088_4,6
6088_5,6
6088_6,5
6088_7,4
6088_8,5
6088_9,6
6092_1,1
6092_2,6
6092_3,3
6092_4,6
6092_5,5
6092_6,5
6092_7,6
6097_1,1
6097_2,5
6097_3,5
6097_4,5
6111_1,1
6111_2,5
6111_3,2
6111_4,5
6137_1,1
6137_2,5
6137_3,6
6137_4,5
6137_5,5
6137_6,2
6137_7,5
6137_8,6
6148_1,2
6148_2,3
6148_3,4
6148_4,5
6148_5,3
6159_1,1
6159_2,5
6159_3,7
6167_1,2
6167_2,3
6167_3,3
6167_4,5
6167_5,7
6167_6,5
6202_1,1
6202_2,5
6202_3,6
6202_4,6
6202_5,5
6218_1,2
6218_2,5
6218_4,5
6219_1,1
6219_2,5
6219_3,1
6219_4,5
6229_1,1
6229_2,5
6229_3,7
6239_1,2
6239_2,4
6239_3,5
6239_4,5
6239_5,5
6240_1,1
6240_2,4
6240_3,3
6252_1,1
6252_2,5
6252_3,5
6252_4,5
6252_5,2
6252_6,5
6252_7,5
6252_8,6
6254_1,1
6254_2,5
6254_3,3
6254_4,3
6285_1,1
6285_2,5
6285_3,7
6289_1,1
6289_2,6
6289_3,4
6289_4,6
6331_1,1
6331_2,5
6331_3,5
6331_4,4
6353_1,2
6353_2,4
6353_3,3
6353_4,5
6353_5,5
6353_6,2
6353_7,6
6353_8,7
6358_1,1
6358_2,5
6358_3,5
6358_4,5
6384_1,2
6384_2,6
6384_3,5
6384_4,6
6385_1,1
6385_2,5
6385_3,3
6385_4,5
6391_1,1
6391_2,3
6391_3,6
6391_4,7
6397_1,1
6397_2,6
6397_3,3
6411_1,1
6411_2,5
6411_3,4
6411_4,5
6411_5,6
6411_6,5
6418_1,1
6418_2,4
6418_3,5
6418_4,4
6421_1,1
6421_2,4
6421_4,6
6421_5,5
6421_6,5
6436_1,2
6436_2,4
6436_3,4
6436_4,5
6459_1,1
6459_2,5
6459_3,5
6459_4,5
6471_1,3
6471_2,4
6471_3,7
6475_1,1
6475_2,5
6475_4,4
6475_5,5
6475_6,6
6475_7,5
6475_8,6
6475_9,5
6475_10,6
6475_11,1
6480_1,1
6480_2,2
6480_3,6
6480_4,5
6480_5,3
6480_6,6
6481_1,3
6481_2,4
6481_4,5
6484_1,2
6484_2,5
6484_3,6
6484_4,5
6484_5,5
6495_1,1
6495_2,5
6495_3,7
6495_4,6
6498_1,2
6498_2,5
6498_3,3
6502_1,1
6502_2,5
6502_3,2
6502_4,6
6502_5,5
6509_1,2
6509_2,5
6509_3,0
6509_4,5
6518_1,1
6518_2,5
6518_3,7
6518_4,3
6518_5,2
6518_6,1
6518_7,4
6518_8,6
6520_1,1
6520_2,5
6520_3,5
6557_1,1
6557_2,4
6557_3,4
6634_1,2
6634_2,5
6634_3,5
6649_1,1
6649_2,6
6649_3,5
6649_4,6
6668_1,1
6668_2,6
6668_3,5
6668_4,5
6668_5,7
6672_1,1
6672_2,4
6672_3,1
6672_4,5
6678_1,1
6678_2,5
6678_3,4
6678_4,6
6678_5,5
6678_6,2
6702_1,1
6702_2,5
6702_3,5
6704_1,1
6704_2,5
6704_3,5
6704_4,5
6704_5,5
6704_6,5
6704_7,7
6725_1,1
6725_2,5
6725_3,5
6726_1,1
6726_2,5
6726_3,5
6735_1,2
6735_2,6
6735_3,3
6735_4,5
6735_5,2
6735_6,6
6735_7,5
6751_1,1
6751_2,5
6751_3,5
6751_4,5
6761_1,1
6761_2,5
6761_3,6
6761_4,6
6772_1,1
6772_2,5
6772_3,1
6772_4,3
6772_6,4
6772_7,5
6788_1,1
6788_2,5
6788_3,5
6803_1,1
6803_2,5
6803_3,3
6806_1,1
6806_2,5
6806_3,4
6806_4,5
6806_5,6
6815_1,2
6815_2,5
6815_3,7
6820_1,2
6820_2,4
6820_3,5
6837_1,1
6837_2,3
6837_3,6
6843_1,1
6843_2,5
6843_3,5
6843_4,5
6843_5,5
6858_1,2
6858_2,6
6858_3,5
6858_4,3
6858_5,5
6858_6,7
6871_1,2
6871_2,4
6871_3,5
6871_4,5
6877_1,1
6877_2,5
6877_3,5
6877_4,5
6884_1,1
6884_2,5
6884_3,2
6884_4,5
6885_1,1
6885_2,3
6885_3,5
6885_4,2
6885_5,5
6885_6,7
6903_1,1
6903_2,5
6903_3,2
6903_4,5
6903_5,6
6903_6,5
6903_7,7
6903_8,5
6904_1,1
6904_2,6
6904_3,5
6912_1,2
6912_2,4
6912_3,4
6912_4,4
6912_5,6
6912_6,5
6923_1,2
6923_2,5
6923_3,4
6923_4,3
6923_5,4
6923_6,7
6936_1,1
6936_2,6
6936_3,3
6936_4,6
6936_5,2
6936_6,4
6936_7,2
6936_8,7
6936_9,5
6936_10,5
6940_1,1
6940_2,5
6940_3,3
6953_1,3
6953_2,5
6953_3,2
6953_4,2
6975_1,1
6975_2,3
6975_4,4
6979_1,1
6979_2,4
6979_3,7
6979_4,2
6979_5,5
7004_1,1
7004_2,5
7004_3,2
7016_1,1
7016_2,5
7016_3,5
7016_4,6
7017_1,1
7017_2,5
7017_3,7
7018_1,2
7018_2,5
7018_3,5
7037_1,1
7037_2,7
7037_3,5
7037_4,6
7044_1,2
7044_2,5
7044_3,5
7053_1,1
7053_2,4
7053_3,6
7060_1,2
7060_2,5
7060_3,5
7060_4,6
7060_5,6
7060_6,6
7074_1,2
7074_2,5
7074_3,6
7143_1,1
7143_2,6
7143_3,3
7162_1,1
7162_2,5
7162_3,4
7162_4,5
7162_5,1
7162_6,5
7162_7,3
7162_8,5
7207_1,1
7207_2,5
7207_3,4
7207_4,5
7211_1,1
7211_2,4
7211_3,5
7231_1,2
7231_2,3
7231_3,7
7231_4,5
7231_5,6
7232_1,2
7232_2,4
7232_3,5
7249_1,3
7249_2,5
7249_3,5
7249_4,2
7249_5,5
7249_6,5
7249_7,6
7252_1,1
7252_2,5
7252_3,2
7252_4,5
7252_5,7
7253_1,1
7253_2,3
7253_3,5
7253_4,6
7253_5,7
7253_6,7
7253_7,5
7283_1,1
7283_2,5
7283_3,5
7283_4,5
7286_1,1
7286_2,6
7286_3,6
7286_4,5
7286_5,7
7286_6,5
7299_1,1
7299_2,5
7299_3,6
7299_4,6
7302_1,2
7302_2,5
7302_3,6
7302_4,6
7302_5,5
7302_6,5
7328_1,1
7328_2,5
7328_3,5
7363_1,1
7363_2,5
7363_3,6
7377_1,1
7377_2,6
7377_3,5
7377_5,6
7405_1,1
7405_2,2
7405_3,5
7405_4,5
7405_5,4
7408_1,1
7408_2,5
7408_3,3
7408_4,6
7419_1,1
7419_2,5
7419_3,6
7419_4,5
7430_1,1
7430_2,5
7430_3,2
7430_4,4
7430_6,5
7438_1,1
7438_2,4
7438_3,6
7440_1,1
7440_2,5
7440_3,5
7440_4,4
7451_1,1
7451_2,5
7451_3,6
7488_1,1
7488_2,5
7488_3,6
7492_1,1
7492_2,5
7492_3,5
7492_4,6
7512_1,1
7512_2,4
7512_3,5
7512_4,4
7512_5,5
7529_1,2
7529_2,4
7529_3,5
7531_1,2
7531_2,5
7531_3,5
7537_1,1
7537_2,5
7537_3,4
7537_4,4
7537_5,5
7550_1,1
7550_2,5
7550_3,5
7552_1,1
7552_2,4
7552_3,5
7552_4,6
7563_1,2
7563_2,4
7563_3,6
7563_4,3
7598_1,2
7598_2,3
7598_3,5
7598_4,7
7598_5,7
7607_1,2
7607_2,5
7607_3,4
7607_4,1
7607_5,4
7607_6,5
7607_7,5
7607_8,1
7613_1,1
7613_2,6
7613_3,6
7624_1,2
7624_2,5
7624_3,5
7624_4,5
7634_1,1
7634_2,5
7634_3,6
7634_4,5
7634_5,5
7642_1,1
7642_2,4
7642_3,3
7642_4,5
7644_1,1
7644_2,4
7644_3,4
7644_4,5
7646_1,1
7646_2,5
7646_3,7
7646_4,6
7715_1,2
7715_2,5
7715_3,3
7715_4,4
7715_5,4
7715_6,5
7715_7,5
7715_8,2
7723_1,2
7723_2,4
7723_3,3
7746_1,1
7746_2,5
7746_3,5
7746_4,5
7746_5,2
7758_1,1
7758_2,5
7758_3,5
7763_1,1
7763_2,5
7763_3,2
7763_4,6
7783_1,1
7783_2,5
7783_3,2
7783_4,5
7823_1,1
7823_2,5
7823_3,7
7838_1,2
7838_2,2
7838_3,4
7838_4,3
7838_5,5
7838_6,5
7862_1,1
7862_2,2
7862_3,3
7862_4,2
7862_5,5
7862_6,5
7862_7,6
7862_8,2
7876_1,3
7876_2,6
7876_3,2
7876_4,6
7876_5,3
7876_6,4
7876_7,3
7880_1,2
7880_2,5
7880_3,5
7880_4,5
7880_5,3
7883_1,1
7883_2,5
7883_3,6
7883_4,6
7883_5,5
7883_6,5
7889_1,1
7889_2,4
7889_3,2
7889_4,5
7890_1,1
7890_2,5
7890_3,3
7890_4,2
7906_1,1
7906_2,4
7906_3,7
7906_4,6
7907_1,1
7907_2,4
7907_3,5
7907_4,3
7926_1,1
7926_2,3
7926_3,4
7945_1,1
7945_2,4
7945_3,5
7945_4,7
7945_5,6
7946_1,2
7946_2,5
7946_3,5
7946_4,5
7946_5,5
7971_1,2
7971_2,2
7971_3,5
7979_1,2
7979_2,5
7979_3,7
7979_4,6
7986_1,2
7986_2,5
7986_3,3
7986_4,7
7991_1,0
7991_2,5
7991_3,5
7991_4,6
7992_1,2
7992_2,5
7992_3,7
7992_4,3
7992_5,5
8002_1,2
8002_2,5
8002_3,6
8009_1,1
8009_2,3
8009_3,2
8009_4,5
8009_5,5
8009_6,5
8010_1,1
8010_2,4
8010_3,4
8010_4,5
8010_5,5
8010_6,2
8010_7,5
8010_8,6
8035_1,1
8035_2,6
8035_3,5
8035_4,5
8042_1,1
8042_2,5
8042_3,2
8042_4,4
8042_5,5
8042_6,7
8042_7,7
8062_1,1
8062_2,4
8062_3,3
8067_1,1
8067_2,5
8067_3,6
8073_1,1
8073_2,5
8073_3,4
8073_4,3
8073_5,5
8073_6,7
8073_7,5
8077_1,1
8077_2,5
8077_3,3
8077_4,4
8077_5,4
8077_6,5
8077_7,5
8077_8,1
8077_9,6
8081_1,1
8081_2,4
8081_3,5
8081_4,6
8098_1,2
8098_2,6
8098_3,6
8101_1,1
8101_2,5
8101_3,6
8101_4,3
8101_5,2
8101_6,5
8111_1,2
8111_2,4
8111_3,6
8111_4,5
8111_5,6
8111_6,6
8111_7,6
8117_1,2
8117_2,6
8117_3,1
8117_4,6
8124_1,0
8124_2,5
8124_3,5
8131_1,2
8131_2,3
8131_3,5
8132_1,1
8132_2,5
8132_3,6
8137_1,1
8137_2,4
8137_3,6
8137_4,6
8170_1,3
8170_2,5
8170_3,6
8179_1,1
8179_2,5
8179_3,6
8202_1,0
8202_2,4
8202_3,2
8222_1,1
8222_2,5
8222_3,5
8222_4,5
8226_1,2
8226_2,3
8226_3,6
8227_1,1
8227_2,5
8227_3,3
8227_4,5
8231_1,2
8231_2,6
8231_3,7
8231_4,5
8231_5,6
8241_1,1
8241_2,5
8241_3,5
8245_1,1
8245_2,5
8245_3,7
8245_4,6
8260_1,1
8260_2,5
8260_3,5
8274_1,1
8274_2,5
8274_3,6
8299_1,1
8299_2,6
8299_3,3
8299_4,1
8299_5,4
8299_6,5
8299_7,5
8354_1,1
8354_2,4
8354_3,3
8354_4,5
8354_5,5
8354_6,5
8354_7,3
8370_1,1
8370_2,5
8370_3,5
8372_1,2
8372_2,5
8372_3,6
8375_1,1
8375_2,4
8375_3,5
8375_4,6
8375_5,6
8375_6,5
8380_1,2
8380_2,3
8380_3,6
8380_4,6
8397_1,3
8397_2,4
8397_3,4
8397_4,5
8397_5,6
8397_6,4
8397_7,4
8397_8,5
8397_9,6
8397_10,4
8398_1,2
8398_2,5
8398_3,3
8398_4,6
8398_5,5
8398_6,3
8398_7,3
8398_8,5
8410_1,1
8410_2,4
8410_3,3
8410_4,4
8410_5,5
8410_6,6
8410_7,5
8410_8,3
8411_1,1
8411_2,3
8411_3,3
8411_4,5
8432_1,1
8432_2,5
8432_3,1
8432_4,6
8432_5,2
8432_6,6
8432_7,2
8432_8,6
8439_1,2
8439_2,4
8439_3,5
8439_4,6
8439_5,6
8439_6,3
8439_7,5
8439_8,6
8442_1,1
8442_2,4
8442_3,5
8443_1,2
8443_2,4
8443_3,4
8443_4,5
8443_5,6
8443_6,1
8443_7,5
8444_1,3
8444_3,5
8444_4,3
8445_1,1
8445_2,6
8445_3,7
8445_4,3
8445_5,6
8452_1,1
8452_2,5
8452_3,5
8468_1,1
8468_2,4
8468_3,5
8468_4,6
8468_5,6
8469_1,2
8469_2,4
8469_3,6
8469_4,6
8487_1,1
8487_2,5
8487_3,2
8487_4,5
8487_5,7
8487_6,8
8501_1,1
8501_2,5
8501_3,6
8501_4,4
8506_1,2
8506_2,5
8506_3,2
8506_4,5
8506_5,5
8506_6,5
8511_1,1
8511_2,4
8511_3,6
8511_4,5
8524_1,1
8524_2,3
8524_3,6
8524_4,5
8524_5,5
8524_6,7
8524_7,7
8535_1,1
8535_2,6
8535_3,2
8535_4,6
8535_5,4
8535_6,6
8551_1,2
8551_2,4
8551_3,2
8558_1,1
8558_2,6
8558_3,6
8575_1,1
8575_2,5
8575_3,4
8575_4,6
8575_5,6
8575_6,6
8575_7,5
8596_1,1
8596_2,6
8596_3,6
8596_4,5
8599_1,3
8599_2,5
8599_3,6
8606_1,1
8606_2,5
8606_3,4
8606_4,5
8609_1,1
8609_2,6
8609_3,6
8609_4,3
8634_1,3
8634_2,5
8634_3,4
8634_4,4
8634_5,5
8634_6,4
8634_7,5
8634_8,5
8634_9,4
8639_1,2
8639_2,5
8639_3,5
8639_4,5
8639_5,3
8639_6,5
8639_7,3
8639_8,6
8639_9,7
8663_1,1
8663_2,5
8663_3,5
8663_4,5
8688_1,2
8688_2,5
8688_3,5
8688_4,6
8710_1,1
8710_2,3
8710_3,7
8710_4,5
8718_1,2
8718_2,5
8718_3,7
8718_4,6
8752_1,1
8752_2,5
8752_3,2
8752_4,5
8779_1,1
8779_2,5
8779_3,6
8794_1,1
8794_2,6
8794_3,3
8810_1,0
8810_2,1
8810_3,5
8810_4,7
8810_5,5
8813_1,1
8813_2,5
8813_3,4
8813_4,5
8813_5,2
8813_6,5
8813_7,6
8813_8,5
8813_9,5
8822_1,1
8822_2,3
8822_3,3
8822_4,5
8822_5,5
8822_6,7
8822_7,5
8832_1,2
8832_2,4
8832_3,4
8832_4,5
8832_5,5
8844_1,2
8844_2,4
8844_3,3
8844_4,5
8844_5,5
8855_1,1
8855_2,4
8855_3,3
8857_1,2
8857_2,5
8857_3,4
8857_4,7
8857_5,3
8862_1,1
8862_2,5
8862_3,4
8862_4,6
8862_5,5
8862_6,7
8862_7,5
8865_1,1
8865_2,5
8865_3,2
8868_1,0
8868_2,6
8868_3,3
8868_4,6
8881_1,2
8881_2,4
8881_3,5
8881_4,5
8881_5,5
8918_1,1
8918_2,5
8918_3,4
8918_4,5
8918_5,5
8926_1,1
8926_2,6
8926_3,5
8926_4,6
8926_5,3
8931_1,2
8931_2,2
8931_3,5
8931_4,2
8931_5,5
8947_1,1
8947_2,4
8947_3,5
8947_4,5
8978_1,1
8978_2,5
8978_3,7
8978_4,6
8983_1,1
8983_2,5
8983_3,4
8983_4,5
8983_5,5
8983_6,6
8998_1,1
8998_2,5
8998_3,4
8998_4,6
9020_1,2
9020_2,5
9020_3,4
9020_4,6
9020_5,3
9020_6,5
9030_1,2
9030_2,5
9030_3,5
9030_4,5
9030_5,6
9044_1,1
9044_2,5
9044_3,6
9054_1,1
9054_2,5
9054_3,5
9054_4,5
9058_1,2
9058_2,5
9058_3,6
9081_1,1
9081_2,5
9081_3,5
9088_1,0
9088_2,5
9088_3,5
9088_4,5
9088_5,5
9088_6,6
9091_1,1
9091_2,4
9091_3,6
9091_4,5
9091_5,5
9091_6,6
9091_7,3
9127_1,1
9127_2,5
9127_3,6
9128_1,1
9128_2,5
9128_3,4
9149_1,1
9149_2,5
9149_3,5
9168_1,1
9168_2,5
9168_3,4
9168_4,4
9168_5,6
9179_1,1
9179_2,6
9179_3,5
9183_1,1
9183_2,5
9183_3,6
9183_4,6
9189_1,1
9189_2,3
9189_3,7
9189_4,5
9227_1,1
9227_2,6
9227_3,5
9233_1,1
9233_2,4
9233_3,6
9254_1,1
9254_2,6
9254_3,1
9254_4,5
9257_1,1
9257_2,5
9257_3,6
9257_4,5
9268_1,2
9268_2,5
9268_3,2
9268_4,5
9268_5,7
9268_6,6
9287_1,1
9287_2,5
9287_3,5
9287_4,6
9287_5,2
9292_1,1
9292_2,5
9292_3,4
9292_4,6
9299_1,1
9299_2,5
9299_3,5
9299_4,4
9299_5,2
9299_6,3
9299_7,5
9299_8,7
9305_1,1
9305_2,6
9305_3,3
9305_4,6
9309_1,1
9309_2,4
9309_3,4
9309_4,4
9309_5,4
9309_6,2
9323_1,1
9323_2,5
9323_3,2
9325_1,1
9325_2,3
9325_3,5
9330_1,2
9330_2,4
9330_3,6
9341_1,1
9341_2,4
9341_4,5
9341_5,5
9360_1,2
9360_2,4
9360_3,5
9360_4,5
9360_5,5
9360_6,5
9360_7,5
9373_1,1
9373_2,4
9373_3,1
9373_4,6
9373_5,2
9373_6,5
9373_7,7
9373_8,5
9389_1,1
9389_2,5
9389_3,2
9389_4,4
9389_5,5
9389_6,5
9393_1,1
9393_2,5
9393_3,4
9393_4,5
9396_1,1
9396_2,5
9396_3,6
9396_4,7
9396_5,7
9396_6,4
9417_1,2
9417_2,5
9417_3,5
9421_1,2
9421_2,5
9421_3,6
9429_1,1
9429_2,5
9429_3,7
9429_4,6
9441_1,2
9441_2,5
9441_3,7
9447_1,2
9447_2,6
9447_3,5
9452_1,1
9452_2,5
9452_3,5
9452_4,5
9452_5,1
9452_6,5
9454_1,1
9454_2,4
9454_3,6
9454_4,3
9454_5,6
9465_1,2
9465_2,5
9465_3,1
9465_4,6
9468_1,1
9468_2,6
9468_3,5
9472_1,2
9472_2,5
9472_3,2
9472_4,5
9475_1,2
9475_2,5
9475_3,6
9483_1,1
9483_2,5
9483_3,2
9483_4,3
9483_5,5
9483_6,2
9505_1,1
9505_2,6
9505_3,6
9505_4,7
9520_1,0
9520_2,3
9520_3,1
9520_4,6
9551_1,1
9551_2,5
9551_3,2
9551_4,5
9551_5,4
9551_6,4
9551_7,2
9551_8,5
9551_9,7
9551_10,7
9568_1,1
9568_2,4
9568_3,6
9568_4,7
9570_1,1
9570_2,6
9570_3,6
9570_4,6
9572_1,1
9572_2,5
9572_3,3
9591_1,1
9591_2,4
9591_3,5
9591_4,5
9591_5,5
9607_1,1
9607_2,5
9607_3,5
9629_1,1
9629_2,5
9629_3,6
9629_4,5
9630_1,1
9630_2,5
9630_3,5
9630_4,7
9630_5,6
9630_6,3
9634_1,1
9634_2,5
9634_3,6
9642_1,1
9642_2,5
9642_3,6
9642_4,6
9645_1,1
9645_2,5
9645_3,6
9660_1,1
9660_2,3
9660_3,3
9663_1,2
9663_2,5
9663_3,7
9667_1,1
9667_2,6
9667_3,3
9687_1,1
9687_2,5
9687_3,3
9687_4,2
9687_5,5
9689_1,1
9689_2,3
9689_3,6
9700_1,1
9700_2,5
9700_3,7
9700_4,5
9701_1,2
9701_2,4
9701_3,2
9701_4,4
9701_5,5
9701_6,5
9701_7,2
9737_1,1
9737_2,6
9737_3,2
9739_1,1
9739_2,4
9739_3,5
9739_4,6
9743_1,2
9743_2,4
9743_3,5
9757_1,1
9757_2,5
9757_3,4
9757_4,6
9760_1,2
9760_2,3
9760_3,3
9772_1,2
9772_2,5
9772_3,5
9773_1,2
9773_2,4
9773_3,3
9773_4,2
9773_5,4
9773_6,3
9773_7,4
9773_8,5
9797_1,1
9797_2,5
9797_3,4
9797_4,5
9797_5,6
9797_6,5
9797_7,4
9797_8,5
9831_1,1
9831_2,5
9831_3,4
9831_4,5
9831_5,5
9831_6,2
9831_7,6
9833_1,1
9833_2,5
9833_3,5
9836_1,1
9836_2,5
9836_3,4
9836_4,5
9836_5,5
9836_6,5
9836_7,6
9838_1,0
9838_2,4
9838_3,6
9847_1,1
9847_2,5
9847_3,5
9850_1,2
9850_2,5
9850_3,6
9862_1,3
9862_2,4
9862_3,4
9862_4,5
9863_1,1
9863_2,4
9863_3,3
9863_4,3
9863_5,6
9863_6,7
9863_7,5
9863_8,5
9863_9,5
9863_10,2
9877_1,2
9877_2,4
9877_3,4
9877_4,6
9881_1,1
9881_2,6
9881_3,3
9910_1,2
9910_2,5
9910_3,6
9910_4,5
9910_5,5
9910_6,4
9910_7,5
9910_8,6
9910_9,6
9910_10,7
9915_1,1
9915_2,4
9915_3,5
9915_4,5
9915_5,6
9915_6,5
9915_7,7
9954_1,1
9954_2,5
9954_3,6
9954_4,5
9965_1,2
9965_2,3
9965_3,3
9965_4,5
9965_5,2
9965_6,6
9965_7,5
9967_1,0
9967_2,6
9967_3,5
9967_4,4
9967_5,3
9974_1,1
9974_2,4
9974_3,5
9974_4,4
9999_1,3
9999_2,4
9999_3,5
9999_4,3
9999_5,6
9999_6,5
10004_1,1
10004_2,5
10004_3,5
10004_4,5
10004_5,4
10004_6,6
10004_7,6
10009_1,1
10009_2,5
10009_3,5
10018_1,2
10018_2,5
10018_3,5
10021_1,2
10021_2,6
10021_3,6
10049_1,1
10049_2,4
10049_3,6
10063_1,1
10063_2,4
10063_3,4
10063_4,2
10065_1,1
10065_2,4
10065_3,2
10084_1,2
10084_2,4
10084_3,4
10084_4,4
10084_5,6
10084_6,7
10084_7,6
10108_1,2
10108_2,5
10108_3,4
10108_4,5
10108_5,6
10121_1,1
10121_2,5
10121_3,3
10121_4,2
10121_5,6
10121_6,6
10128_1,1
10128_2,4
10128_3,6
10128_4,5
10128_5,1
10128_6,5
10129_1,1
10129_2,5
10129_3,4
10129_4,4
10129_5,3
10147_1,1
10147_2,5
10147_3,2
10147_4,5
10147_5,1
10147_6,5
10156_1,1
10156_2,5
10156_3,5
10156_4,5
10156_5,5
10158_1,1
10158_2,5
10158_3,2
10158_4,4
10158_5,1
10158_6,2
10158_7,5
10168_1,1
10168_2,3
10168_3,4
10179_1,1
10179_2,5
10179_3,5
10179_4,6
10179_5,4
10179_6,7
10179_7,5
10179_8,6
10188_1,1
10188_2,3
10188_3,3
10188_4,5
10188_5,6
10195_1,2
10195_2,3
10195_3,6
10207_1,1
10207_2,5
10207_3,1
10207_4,5
10212_1,1
10212_2,5
10212_3,4
10216_1,1
10216_2,5
10216_3,7
10218_1,1
10218_2,3
10218_3,5
10218_4,6
10218_5,5
10218_6,6
10218_7,5
10218_8,4
10233_1,1
10233_2,6
10233_3,6
10234_1,2
10234_2,2
10234_3,6
10235_1,1
10235_2,5
10235_3,4
10248_1,2
10248_2,5
10248_3,5
10254_1,2
10254_2,3
10254_3,5
10265_1,1
10265_2,4
10265_3,3
10278_1,1
10278_2,3
10278_3,5
10294_1,0
10294_2,6
10294_4,6
10299_1,1
10299_2,5
10299_3,2
10321_1,2
10321_2,6
10321_3,2
10321_4,5
10343_1,1
10343_2,4
10343_3,4
10343_4,5
10347_1,1
10347_2,5
10347_3,6
10347_4,6
10347_5,6
10352_1,2
10352_2,5
10352_3,1
10352_4,4
10352_5,5
10352_6,5
10366_1,2
10366_2,4
10366_3,5
10366_4,6
10372_1,0
10372_2,5
10372_3,5
10412_1,2
10412_2,4
10412_3,4
10412_4,6
10412_5,6
10412_6,6
10413_1,1
10413_2,2
10413_3,4
10413_4,2
10413_5,4
10413_6,1
10421_1,1
10421_2,6
10421_3,4
10424_1,2
10424_2,3
10424_3,2
10424_4,5
10424_5,3
10424_6,5
10457_1,1
10457_2,5
10457_3,7
10463_1,1
10463_2,6
10463_3,5
10463_4,5
10463_5,5
10463_6,5
10463_7,4
10473_1,2
10473_2,5
10473_3,6
10473_4,6
10481_1,2
10481_2,5
10481_3,4
10481_4,5
10491_1,1
10491_2,4
10491_3,3
10491_4,6
10491_5,5
10491_6,6
10501_1,2
10501_2,6
10501_3,5
10501_4,5
10501_5,2
10502_1,1
10502_2,5
10502_3,3
10502_4,3
10521_1,1
10521_2,5
10521_3,5
10521_4,6
10521_5,6
10531_1,1
10531_2,5
10531_3,4
10531_4,6
10531_5,5
10531_6,6
10543_1,1
10543_2,5
10543_3,4
10543_4,5
10543_5,3
10549_1,2
10549_2,5
10549_3,3
10549_4,5
10549_5,6
10553_1,1
10553_2,5
10553_3,5
10577_1,2
10577_2,4
10577_3,6
10577_4,6
10583_1,2
10583_2,4
10583_3,3
10583_4,6
10583_5,4
10583_6,6
10588_1,1
10588_2,6
10588_3,5
10588_4,7
10588_5,5
10588_6,5
10596_1,1
10596_2,6
10596_3,5
10596_4,6
10607_1,1
10607_2,7
10607_3,2
10607_4,5
10610_1,1
10610_2,6
10610_3,6
10610_4,7
10628_1,1
10628_2,4
10628_3,7
10628_4,5
10628_5,5
10633_1,1
10633_2,6
10633_3,7
10640_1,1
10640_2,4
10640_3,7
10640_4,5
10668_1,1
10668_2,6
10668_3,5
10668_4,5
10668_5,4
10668_6,4
10668_7,5
10668_8,2
10668_9,5
10668_10,5
10669_1,2
10669_2,5
10669_3,6
10669_4,5
10669_5,5
10669_6,7
10669_7,6
10670_1,2
10670_2,5
10670_3,7
10699_1,2
10699_2,6
10699_3,5
10699_4,5
10701_1,1
10701_2,5
10701_3,3
10715_1,1
10715_2,3
10715_3,5
10724_1,1
10724_2,5
10724_3,5
10743_1,1
10743_2,5
10743_3,7
10743_4,5
10744_1,1
10744_2,5
10744_3,6
10744_4,5
10744_5,7
10744_6,2
10759_1,1
10759_2,5
10759_3,1
10790_1,2
10790_2,5
10790_3,5
10790_4,5
10798_1,1
10798_2,3
10798_3,5
10798_4,6
10805_1,1
10805_2,6
10805_3,6
10807_1,2
10807_2,6
10807_3,6
10808_1,0
10808_2,5
10808_3,8
10808_4,3
10819_1,1
10819_2,3
10819_3,6
10819_4,5
10819_5,7
10829_1,2
10829_2,5
10829_3,6
10835_1,1
10835_2,5
10835_3,5
10835_4,5
10848_1,2
10848_2,6
10848_3,6
10848_4,6
10866_1,1
10866_2,6
10866_3,4
10866_4,5
10886_1,1
10886_2,5
10886_3,1
10886_4,6
10891_1,1
10891_2,3
10891_3,4
10899_1,1
10899_2,4
10899_3,5
10900_1,0
10900_2,3
10900_3,5
10914_1,1
10914_2,5
10914_3,6
10915_1,1
10915_2,3
10915_3,5
10915_4,2
10915_5,5
10915_6,6
10915_7,5
10915_8,6
10915_9,4
10923_1,1
10923_2,5
10923_3,7
10925_1,1
10925_2,4
10925_3,4
10925_4,6
10935_1,1
10935_2,4
10935_3,2
10935_4,4
10935_5,5
10937_1,1
10937_2,4
10937_3,4
10937_4,6
10937_5,3
10973_1,1
10973_2,5
10973_3,5
10973_4,5
10973_5,5
10973_6,6
10973_7,4
10973_8,7
10973_9,5
10982_1,2
10982_2,5
10982_3,2
10982_4,6
10993_1,1
10993_2,4
10993_3,5
10993_4,3
10993_5,5
10993_6,5
11010_1,2
11010_2,2
11010_3,5
11010_4,5
11021_1,1
11021_2,5
11021_3,4
11021_4,5
11053_1,4
11053_2,5
11053_3,6
11074_1,1
11074_2,5
11074_3,4
11074_4,6
11079_1,2
11079_2,5
11079_3,5
11079_4,3
11099_1,1
11099_2,5
11099_3,5
11119_1,1
11119_2,4
11119_3,6
11122_1,2
11122_2,4
11122_3,5
11122_4,6
11122_5,4
11141_1,3
11141_2,5
11141_3,6
11141_4,6
11148_1,2
11148_2,4
11148_3,5
11148_4,4
11161_1,1
11161_2,5
11161_3,2
11161_4,5
11161_5,6
11174_1,1
11174_2,4
11174_3,7
11174_4,5
11178_1,2
11178_2,4
11178_3,5
11178_4,6
11187_1,1
11187_2,5
11187_3,1
11187_4,6
11187_5,5
11201_1,1
11201_2,5
11201_3,5
11221_1,1
11221_2,5
11221_3,6
11221_4,6
11229_1,1
11229_2,7
11229_3,3
11229_4,2
11229_5,3
11229_6,6
11229_7,6
11237_1,1
11237_2,5
11237_3,1
11237_4,5
11246_1,1
11246_2,4
11246_3,3
11246_4,5
11260_1,1
11260_2,5
11260_3,6
11279_1,1
11279_2,5
11279_3,3
11279_4,5
11279_5,5
11289_1,1
11289_2,5
11289_3,5
11289_4,3
11289_5,6
11305_1,1
11305_2,4
11305_3,5
11313_1,1
11313_2,5
11313_3,2
11313_4,5
11313_5,5
11313_6,7
11314_1,1
11314_2,5
11314_3,5
11314_4,5
11317_1,1
11317_2,5
11317_3,4
11317_4,4
11317_5,4
11317_6,5
11374_1,1
11374_2,4
11374_3,1
11374_4,5
11389_1,1
11389_2,5
11389_3,5
11389_4,7
11389_5,7
11393_1,1
11393_2,5
11393_3,1
11393_4,5
11393_5,7
11393_6,4
11394_1,2
11394_2,5
11394_3,2
11394_4,6
11401_1,2
11401_2,5
11401_3,3
11401_4,6
11401_5,5
11401_6,4
11401_7,4
11401_8,5
11406_1,1
11406_2,4
11406_3,4
11419_1,2
11419_2,5
11419_3,3
11419_4,5
11419_5,5
11419_6,5
11442_1,0
11442_2,5
11442_3,2
11442_4,6
11442_5,7
11446_1,2
11446_2,4
11446_3,2
11463_1,1
11463_2,5
11463_3,6
11469_1,1
11469_2,5
11469_3,5
11469_4,4
11477_1,2
11477_2,6
11477_3,5
11492_1,1
11492_2,3
11492_3,2
11492_4,6
11499_1,0
11499_2,5
11499_3,1
11499_4,6
11505_1,1
11505_2,4
11505_3,3
11505_4,5
11505_5,6
11508_1,1
11508_2,5
11508_3,4
11513_1,2
11513_2,5
11513_3,5
11513_4,6
11525_1,0
11525_2,4
11525_3,6
11525_4,5
11525_5,6
11527_1,2
11527_2,5
11527_3,7
11536_1,1
11536_2,5
11536_3,3
11536_4,5
11536_5,2
11536_6,5
11536_7,7
11548_1,1
11548_2,4
11548_3,6
11548_4,4
11548_5,6
11548_6,6
11553_1,2
11553_2,5
11553_3,3
11553_4,5
11553_5,6
11565_1,2
11565_2,4
11565_3,6
11576_1,1
11576_2,6
11576_3,7
11576_4,2
11595_1,2
11595_2,6
11595_3,7
11595_4,6
11620_1,1
11620_2,5
11620_3,6
11620_4,6
11620_5,6
11624_1,2
11624_2,5
11624_3,4
11624_4,6
11625_1,1
11625_2,5
11625_3,7
11626_1,1
11626_2,5
11626_3,4
11626_4,6
11628_1,1
11628_2,5
11628_3,5
11628_4,6
11628_5,3
11628_6,5
11628_7,6
11628_8,6
11628_9,7
11642_1,1
11642_2,5
11642_3,7
11642_4,5
11642_5,3
11668_1,2
11668_2,2
11668_3,5
11669_1,1
11669_2,5
11669_3,5
11686_1,1
11686_2,4
11686_3,6
11686_4,6
11692_1,1
11692_2,5
11692_3,3
11693_1,2
11693_2,5
11693_3,1
11699_1,1
11699_2,5
11699_3,2
11705_1,1
11705_2,5
11705_3,1
11705_4,5
11705_5,5
11706_1,2
11706_2,4
11706_3,7
11706_4,7
11727_1,1
11727_2,4
11727_3,6
11727_4,6
11727_5,1
11727_6,6
11731_1,1
11731_2,5
11731_3,5
11731_4,6
11731_5,5
11731_6,5
11741_1,2
11741_2,5
11741_3,4
11741_4,5
11741_5,4
11741_6,5
11741_7,4
11741_8,3
11741_9,5
11809_1,1
11809_2,5
11809_4,6
11809_5,7
11825_1,1
11825_2,5
11825_3,4
11825_4,6
11825_5,3
11835_1,1
11835_2,3
11835_3,4
11835_4,5
11835_5,7
11835_6,3
11835_7,2
11835_8,6
11842_1,2
11842_2,5
11842_3,5
11842_4,4
11842_5,5
11842_6,4
11842_7,5
11842_8,6
11850_1,1
11850_2,4
11850_3,3
11850_4,2
11860_1,2
11860_2,4
11860_3,3
11860_4,6
11863_1,2
11863_2,4
11863_3,4
11863_4,5
11863_5,5
11863_6,6
11863_7,5
11879_1,1
11879_2,5
11879_3,3
11879_4,5
11880_1,2
11880_2,5
11880_3,5
11899_1,1
11899_2,5
11899_3,6
11899_4,6
11899_5,5
11906_1,2
11906_2,5
11906_3,6
11911_1,2
11911_2,4
11911_3,6
11914_1,0
11914_2,6
11914_3,1
11914_4,5
11914_5,1
11914_6,4
11916_1,2
11916_2,5
11916_3,4
11916_4,4
11916_6,4
11916_7,5
11918_1,1
11918_2,5
11918_3,4
11918_4,6
11918_5,5
11918_6,5
11929_1,1
11929_2,4
11929_3,4
11936_1,1
11936_2,5
11936_3,6
11951_1,1
11951_2,5
11951_3,5
11960_1,1
11960_2,6
11960_3,4
11960_4,4
11960_5,6
11960_6,4
11960_7,5
11993_1,2
11993_2,3
11993_3,4
11993_4,5
11993_5,2
12002_1,1
12002_2,4
12002_3,3
12002_4,5
12015_1,2
12015_2,5
12015_3,5
12034_1,3
12034_2,5
12034_3,5
12034_4,6
12036_1,2
12036_2,5
12036_3,2
12036_4,5
12036_5,1
12047_1,2
12047_2,4
12047_3,7
12047_4,4
12047_5,5
12047_6,7
12053_1,1
12053_2,5
12053_3,2
12053_4,5
12079_1,1
12079_2,3
12079_3,4
12079_4,5
12079_5,4
12079_6,3
12079_7,6
12079_8,7
12087_1,1
12087_2,5
12087_3,6
12087_4,6
12087_5,6
12087_6,5
12087_7,6
12087_8,6
12090_1,1
12090_2,4
12090_4,4
12090_5,4
12090_6,7
12090_7,6
12090_8,7
12093_1,1
12093_2,5
12093_3,5
12106_1,1
12106_2,4
12106_3,2
12106_4,5
12107_1,1
12107_2,4
12107_3,6
12107_4,6
12125_1,1
12125_2,5
12125_3,5
12125_4,2
12125_5,5
12125_6,6
12135_1,2
12135_2,6
12135_3,3
12149_1,2
12149_2,5
12149_3,1
12149_4,4
12149_5,3
12149_6,4
12149_7,5
12195_1,1
12195_2,4
12195_3,5
12195_4,5
12195_5,5
12212_1,2
12212_2,3
12212_3,4
12212_4,1
12212_5,3
12212_6,3
12212_7,3
12212_8,5
12229_1,1
12229_2,5
12229_3,3
12229_4,5
12235_1,1
12235_2,2
12235_3,5
12235_4,1
12235_5,5
12235_6,6
12238_1,1
12238_2,5
12238_3,7
12238_4,6
12245_1,2
12245_2,6
12245_3,4
12245_4,5
12250_1,0
12250_2,5
12250_3,7
12254_1,1
12254_2,5
12254_3,2
12254_4,4
12268_1,1
12268_2,6
12268_3,3
12268_4,5
12268_5,7
12268_6,4
12268_7,6
12276_1,1
12276_2,5
12276_3,6
12276_4,5
12284_1,1
12284_2,5
12284_3,4
12284_4,5
12288_1,1
12288_2,6
12288_3,6
12288_4,5
12288_5,1
12290_1,2
12290_2,4
12290_3,5
12290_4,6
12292_1,2
12292_2,5
12292_3,5
12292_4,4
12292_5,6
12293_1,1
12293_2,5
12293_3,5
12293_4,4
12293_5,5
12293_6,5
12293_7,5
12293_8,6
12293_9,7
12293_10,5
12294_1,1
12294_2,3
12294_3,5
12294_4,5
12294_6,2
12294_7,5
12294_8,5
12294_9,7
12298_1,1
12298_2,5
12298_3,5
12300_1,1
12300_2,5
12300_3,6
12300_4,5
12300_5,5
12305_1,1
12305_2,3
12305_3,3
12305_4,6
12305_5,6
12313_1,2
12313_2,5
12313_3,5
12313_4,5
12313_5,2
12313_6,5
12313_7,6
12313_8,5
12319_1,1
12319_2,4
12319_3,4
12319_4,6
12336_1,1
12336_2,5
12336_3,3
12336_4,5
12357_1,2
12357_2,1
12357_3,6
12357_4,2
12367_1,1
12367_2,5
12367_3,4
12367_4,5
12367_5,7
12367_6,6
12370_1,1
12370_2,5
12370_3,3
12370_4,3
12419_1,2
12419_2,6
12419_3,2
12419_4,2
12419_5,6
12426_1,2
12426_2,5
12426_3,5
12426_4,1
12426_5,6
12426_6,2
12426_7,4
12426_8,5
12426_9,7
12433_1,2
12433_2,4
12433_3,6
12433_4,6
12433_5,5
12443_1,1
12443_2,5
12443_3,1
12443_4,5
12443_5,7
12443_6,6
12443_7,5
12443_8,6
12443_9,5
12443_10,7
12444_1,2
12444_2,4
12444_3,5
12444_4,2
12444_5,6
12444_6,6
12445_1,1
12445_2,3
12445_3,7
12445_4,6
12445_5,7
12448_1,2
12448_2,4
12448_3,1
12448_4,5
12448_5,6
12448_6,6
12455_1,1
12455_2,6
12455_3,1
12456_1,1
12456_2,4
12456_3,6
12456_4,5
12456_5,5
12456_6,2
12456_7,5
12456_8,5
12456_9,5
12465_1,1
12465_2,5
12465_3,7
12465_4,2
12465_5,5
12473_1,0
12473_2,5
12473_3,6
12473_4,5
12475_1,1
12475_2,4
12475_3,4
12475_4,4
12475_5,7
12497_1,2
12497_2,5
12497_3,5
12497_4,5
12497_5,6
12540_1,1
12540_2,5
12540_3,4
12549_1,1
12549_2,5
12549_3,2
12549_4,5
12549_5,5
12549_6,6
12551_1,1
12551_2,5
12551_3,1
12551_4,5
12551_5,6
12555_1,2
12555_2,6
12555_3,4
12555_4,6
12559_1,1
12559_2,2
12559_3,5
12559_4,2
12559_5,7
12559_6,4
12559_7,5
12559_8,6
12570_1,1
12570_2,6
12570_3,6
12573_1,1
12573_2,4
12573_3,5
12573_4,3
12581_1,2
12581_2,4
12581_3,5
12581_4,3
12581_5,1
12581_6,5
12590_1,2
12590_2,3
12590_3,1
12590_4,3
12590_5,5
12590_6,1
12590_7,5
12596_1,1
12596_2,6
12596_3,5
12596_4,5
12609_1,2
12609_2,5
12609_3,5
12610_1,2
12610_2,4
12610_3,2
12610_4,4
12610_5,2
12610_6,5
12611_1,2
12611_2,5
12611_3,6
12611_4,6
12611_5,1
12611_6,6
12622_1,0
12622_2,5
12622_3,7
12622_4,5
12625_1,2
12625_2,4
12625_3,5
12625_4,4
12627_1,2
12627_2,5
12627_3,3
12627_4,5
12627_5,5
12642_1,1
12642_2,5
12642_3,5
12653_1,2
12653_2,4
12653_3,3
12653_4,5
12653_5,6
12660_1,2
12660_2,4
12660_3,3
12660_4,5
12660_5,5
12660_6,4
12660_7,6
12662_1,3
12662_2,5
12662_3,4
12662_4,3
12662_5,2
12662_6,3
12704_1,1
12704_2,5
12704_3,6
12704_4,6
12704_5,4
12704_6,5
12720_1,1
12720_2,5
12720_3,5
12728_1,0
12728_2,4
12728_3,3
12746_1,2
12746_2,5
12746_3,3
12752_1,2
12752_2,5
12752_3,6
12756_1,1
12756_2,3
12756_3,6
12776_1,2
12776_2,4
12776_3,2
12794_1,2
12794_2,5
12794_3,5
12797_1,1
12797_2,5
12797_3,6
12797_4,5
12798_1,2
12798_2,3
12798_3,5
12798_4,4
12798_5,5
12798_6,3
12798_7,4
12798_8,7
12798_9,4
12798_10,4
12821_1,1
12821_2,5
12821_3,4
12821_4,5
12821_5,3
12821_6,5
12821_7,6
12822_1,2
12822_2,5
12822_3,2
12830_1,1
12830_2,6
12830_3,6
12830_4,6
12834_1,1
12834_2,5
12834_3,5
12834_4,4
12834_5,3
12834_6,4
12854_1,2
12854_2,5
12854_4,6
12858_1,2
12858_2,4
12858_3,6
12858_4,6
12865_1,1
12865_2,5
12865_3,3
12865_4,6
12865_5,5
12865_6,6
12877_1,2
12877_2,5
12877_3,5
12877_4,4
12877_5,6
12877_6,7
12877_7,5
12877_8,6
12893_1,2
12893_2,5
12893_3,4
12907_1,1
12907_2,5
12907_3,5
12907_4,6
12910_1,1
12910_2,6
12910_3,6
12910_4,6
12919_1,1
12919_2,5
12919_3,2
12919_4,5
12919_5,5
12919_6,7
12921_1,1
12921_2,2
12921_4,1
12921_5,3
12921_6,5
12921_7,6
12921_8,5
12922_1,2
12922_2,4
12922_3,5
12922_4,5
12927_1,3
12927_2,5
12927_3,7
12927_4,5
12927_5,6
12943_1,1
12943_2,5
12943_3,1
12943_4,5
12948_1,1
12948_2,5
12948_3,5
12948_5,4
12948_6,4
12948_7,5
12962_1,2
12962_2,6
12962_3,5
12969_1,1
12969_2,5
12969_3,4
12969_4,5
12979_1,0
12979_2,5
12979_3,5
12979_4,4
12994_1,2
12994_2,6
12994_3,5
12994_4,5
12996_1,2
12996_2,5
12996_3,4
12996_4,5
13016_1,1
13016_2,6
13016_3,4
13016_4,7
13016_5,6
13019_1,1
13019_2,5
13019_3,5
13034_1,1
13034_2,5
13034_3,7
13043_1,2
13043_2,5
13043_3,5
13043_4,5
13043_5,4
13043_6,5
13043_7,4
13043_8,5
13044_1,1
13044_2,5
13044_3,6
13044_4,2
13044_5,5
13056_1,2
13056_2,5
13056_3,5
13056_4,5
13056_5,5
13056_6,5
13056_7,5
13056_8,5
13056_9,5
13058_1,1
13058_2,5
13058_3,1
13058_4,5
13060_1,1
13060_2,5
13060_3,7
13060_4,5
13061_1,3
13061_2,3
13061_3,5
13061_4,5
13062_1,2
13062_2,4
13062_3,5
13070_1,1
13070_2,6
13070_3,4
13070_4,5
13106_1,1
13106_2,5
13106_3,4
13106_4,5
13106_5,5
13115_1,1
13115_2,5
13115_3,1
13115_4,5
13115_5,4
13115_6,4
13115_7,7
13115_8,5
13115_9,3
13118_1,1
13118_2,5
13118_3,4
13118_4,2
13118_5,6
13140_1,2
13140_2,6
13140_3,6
13140_4,5
13158_1,2
13158_2,5
13158_3,6
13158_5,5
13159_1,1
13159_2,5
13159_3,4
13166_1,1
13166_2,4
13166_3,3
13166_4,4
13172_1,1
13172_2,2
13172_3,6
13172_4,5
13172_5,7
13179_1,1
13179_2,4
13179_3,6
13179_4,6
13179_5,6
13179_6,6
13179_7,6
13182_1,1
13182_2,4
13182_3,6
13204_1,1
13204_2,4
13204_4,6
13208_1,1
13208_2,5
13208_3,3
13211_1,2
13211_2,5
13211_3,2
13211_4,4
13211_5,4
13211_6,5
13211_7,4
13211_8,4
13227_1,2
13227_2,6
13227_3,4
13227_4,5
13227_5,4
13227_6,6
13227_7,2
13227_8,6
13227_9,7
13233_1,1
13233_2,4
13233_3,4
13233_4,5
13233_5,2
13233_6,7
13233_7,5
13233_8,5
13233_9,7
13233_10,2
13254_1,1
13254_2,5
13254_3,1
13254_4,5
13260_1,1
13260_2,5
13260_3,7
13260_4,6
13270_1,1
13270_2,2
13270_3,5
13270_4,7
13278_1,2
13278_2,5
13278_3,3
13278_4,5
13278_5,4
13278_6,5
13281_1,3
13281_2,5
13281_3,7
13288_1,1
13288_2,5
13288_3,6
13291_1,1
13291_2,5
13291_3,5
13291_4,6
13297_1,1
13297_2,5
13297_3,7
13314_1,1
13314_2,5
13314_4,5
13340_1,2
13340_2,4
13340_3,5
13356_1,2
13356_2,5
13356_3,1
13356_4,4
13356_5,5
13356_6,5
13357_1,2
13357_2,5
13357_3,6
13357_4,5
13359_1,1
13359_2,6
13359_3,2
13359_4,2
13380_1,2
13380_2,5
13380_3,3
13380_4,6
13386_1,1
13386_2,5
13386_3,4
13386_4,5
13386_5,4
13386_6,5
13386_7,5
13386_8,5
13386_9,5
13389_1,2
13389_2,5
13389_3,2
13389_4,5
13389_5,5
13389_6,6
13407_1,1
13407_2,5
13407_3,3
13407_4,5
13426_1,3
13426_2,3
13426_3,3
13439_1,1
13439_2,5
13439_3,2
13439_4,6
13439_5,6
13439_6,6
13441_1,1
13441_2,5
13441_3,7
13441_4,5
13465_1,1
13465_2,4
13465_3,6
13465_4,6
13467_1,1
13467_2,5
13467_3,7
13467_4,5
13473_1,2
13473_2,5
13473_3,5
13477_1,1
13477_2,5
13477_3,2
13477_4,6
13490_1,1
13490_2,6
13490_3,3
13490_4,4
13490_5,7
13490_6,6
13504_1,1
13504_2,5
13504_3,5
13504_4,6
13504_5,4
13504_6,7
13515_1,1
13515_2,6
13515_3,5
13522_1,1
13522_2,4
13522_3,2
13522_4,6
13530_1,2
13530_2,6
13530_3,2
13530_4,5
13530_5,7
13535_1,1
13535_2,5
13535_3,2
13535_4,6
13559_1,1
13559_2,4
13559_3,6
13559_4,6
13559_5,5
13564_1,1
13564_2,4
13564_3,2
13564_4,6
13581_1,1
13581_2,4
13581_3,3
13586_1,2
13586_2,7
13586_3,7
13590_1,1
13590_2,6
13590_3,5
13590_4,4
13590_5,2
13590_6,5
13590_7,6
13609_1,1
13609_2,4
13609_3,6
13609_4,5
13627_1,2
13627_2,5
13627_3,5
13632_1,2
13632_2,3
13632_3,5
13632_4,4
13632_5,3
13644_1,1
13644_2,5
13644_3,2
13644_4,5
13644_5,7
13654_1,1
13654_2,4
13654_3,6
13654_4,4
13654_5,6
13672_1,2
13672_2,6
13672_3,5
13672_4,7
13672_5,5
13672_7,3
13686_1,1
13686_2,3
13686_3,5
13686_4,6
13690_1,2
13690_2,6
13690_3,4
13690_4,5
13690_5,5
13712_1,1
13712_2,5
13712_3,5
13712_4,5
13712_5,6
13712_6,6
13712_7,3
13712_8,5
13729_1,1
13729_2,6
13729_3,7
13729_4,6
13761_1,1
13761_2,5
13761_3,5
13761_4,6
13761_5,6
13781_1,1
13781_2,5
13781_3,2
13788_1,1
13788_2,4
13788_3,6
13788_4,6
13788_5,5
13788_6,5
13807_1,2
13807_2,4
13807_3,6
13807_4,4
13807_5,6
13807_6,6
13816_1,2
13816_2,4
13816_3,2
13827_1,1
13827_2,5
13827_3,4
13827_4,6
13827_5,5
13827_6,6
13827_7,4
13828_1,2
13828_2,5
13828_3,6
13830_1,1
13830_2,6
13830_3,3
13830_4,6
13831_1,1
13831_2,5
13831_3,5
13831_4,5
13831_5,5
13835_1,1
13835_2,5
13835_3,4
13835_4,2
13835_5,4
13835_6,5
13835_8,7
13847_1,3
13847_2,5
13847_3,2
13856_1,2
13856_2,5
13856_3,5
13856_4,5
13856_5,5
13856_6,5
13856_7,5
13856_8,6
13858_1,1
13858_2,5
13858_3,3
13858_4,4
13858_5,6
13858_6,6
13901_1,1
13901_2,6
13901_3,1
13901_4,6
13907_1,1
13907_2,5
13907_3,5
13907_4,2
13907_5,4
13907_6,6
13922_1,1
13922_2,6
13922_3,5
13936_1,2
13936_2,6
13936_3,4
13936_4,4
13936_5,6
13936_6,5
13936_7,6
13937_1,1
13937_2,4
13937_3,1
13937_4,4
13937_5,5
13937_6,7
13940_1,1
13940_2,5
13940_3,6
13940_4,5
13951_1,1
13951_2,5
13951_3,5
13951_4,5
13951_5,5
13951_6,7
13955_1,2
13955_2,5
13955_3,5
13955_4,2
13955_5,5
13955_6,4
13962_1,1
13962_2,4
13962_3,4
13962_4,4
13962_5,5
13962_6,6
13971_1,2
13971_2,4
13971_3,4
13971_4,5
13975_1,2
13975_2,5
13975_4,5
13975_5,3
13991_1,1
13991_2,5
13991_3,5
14009_1,2
14009_2,3
14009_3,6
14009_4,3
14009_5,4
14009_6,6
14021_1,1
14021_2,5
14021_3,7
14021_4,7
14023_1,1
14023_2,3
14023_3,5
14031_1,2
14031_2,6
14031_3,5
14039_1,1
14039_2,5
14039_3,7
14082_1,1
14082_2,5
14082_3,5
14082_4,6
14112_1,1
14112_2,6
14112_3,6
14112_4,6
14115_1,1
14115_2,5
14115_3,2
14115_4,5
14115_5,5
14115_6,5
14118_1,1
14118_2,5
14118_3,7
14118_4,5
14124_1,2
14124_2,6
14124_3,5
14124_4,5
14125_1,1
14125_2,5
14125_3,5
14125_4,5
14128_1,2
14128_2,4
14128_3,5
14130_1,1
14130_2,5
14130_3,5
14130_4,5
14130_5,4
14130_6,5
14130_7,5
14130_8,6
14153_1,1
14153_2,4
14153_3,5
14155_1,1
14155_2,5
14155_3,5
14155_4,5
14155_5,5
14160_1,1
14160_2,4
14160_3,3
14160_4,5
14160_5,6
14171_1,1
14171_2,5
14171_3,5
14171_4,7
14171_5,7
14192_1,2
14192_2,3
14192_3,7
14192_4,3
14192_5,6
14193_1,1
14193_2,5
14193_3,5
14198_1,1
14198_2,3
14198_3,7
14208_1,2
14208_2,5
14208_3,6
14212_1,1
14212_2,6
14212_3,5
14227_1,1
14227_2,4
14227_3,2
14227_4,6
14233_1,1
14233_2,5
14233_3,3
14233_4,4
14233_5,2
14233_6,6
14248_1,1
14248_2,4
14248_3,6
14248_4,6
14249_1,2
14249_2,5
14249_3,3
14249_4,5
14276_1,2
14276_2,5
14276_3,6
14276_4,6
14279_1,1
14279_2,5
14279_3,2
14279_4,5
14279_5,5
14286_1,1
14286_2,5
14286_3,6
14286_4,5
14289_1,1
14289_2,3
14289_3,7
14289_4,6
14291_1,2
14291_2,5
14291_3,5
14291_4,5
14296_1,0
14296_2,6
14296_3,7
14296_4,6
14313_1,2
14313_2,4
14313_3,3
14313_4,5
14313_5,5
14313_6,5
14313_7,7
14323_1,1
14323_2,4
14323_3,4
14323_4,6
14327_1,1
14327_2,5
14327_3,1
14327_4,5
14341_1,2
14341_2,6
14341_3,3
14341_4,6
14381_1,1
14381_2,5
14381_3,6
14381_4,7
14381_5,5
14381_6,2
14385_1,2
14385_2,5
14385_3,1
14385_4,5
14410_1,1
14410_2,5
14410_3,4
14410_4,7
14413_1,2
14413_2,4
14413_3,5
14434_1,2
14434_2,5
14434_3,5
14434_4,4
14444_1,1
14444_2,6
14444_3,5
14444_4,6
14459_1,1
14459_2,5
14459_3,4
14459_4,6
14460_1,2
14460_2,5
14460_3,5
14460_4,4
14467_1,1
14467_2,5
14467_3,4
14467_4,6
14467_5,1
14481_1,1
14481_2,5
14481_3,7
14481_4,6
14502_1,0
14502_2,4
14502_3,5
14512_1,2
14512_2,3
14512_3,3
14512_4,3
14533_1,1
14533_2,4
14533_3,4
14533_4,5
14568_1,1
14568_2,5
14568_3,5
14568_4,7
14568_5,6
14571_1,1
14571_2,5
14571_3,6
14571_4,6
14573_1,1
14573_2,3
14573_3,5
14573_4,3
14576_1,1
14576_2,4
14576_3,5
14576_4,7
14576_5,6
14577_1,1
14577_2,5
14577_3,3
14577_4,4
14584_1,2
14584_2,5
14584_3,3
14584_4,6
14600_1,2
14600_2,4
14600_3,2
14611_1,1
14611_2,4
14611_3,6
14611_4,6
14613_1,1
14613_2,4
14613_3,7
14613_4,6
14630_1,1
14630_2,5
14630_3,5
14630_4,5
14630_5,5
14630_6,5
14631_1,1
14631_2,5
14631_3,2
14631_4,5
14631_5,6
14631_6,6
14646_1,1
14646_2,6
14646_3,4
14646_4,5
14647_1,3
14647_2,4
14647_3,3
14647_4,5
14651_1,1
14651_2,5
14651_3,5
14685_1,2
14685_2,6
14685_3,3
14685_4,6
14700_1,1
14700_2,5
14700_3,5
14700_4,6
14706_1,2
14706_2,4
14706_4,4
14706_5,6
14706_6,7
14706_7,6
14708_1,1
14708_2,4
14708_3,6
14708_4,6
14729_1,1
14729_2,5
14729_3,3
14729_4,6
14731_1,1
14731_2,4
14731_3,6
14744_1,1
14744_2,6
14744_3,3
14744_4,5
14774_1,3
14774_2,4
14774_3,5
14774_4,6
14774_5,6
14774_6,5
14779_1,3
14779_2,4
14779_3,5
14779_4,2
14779_5,5
14779_6,4
14779_7,5
14779_8,5
14790_1,1
14790_2,5
14790_3,6
14792_1,2
14792_2,6
14792_3,6
14792_4,4
14792_5,5
14793_1,2
14793_2,5
14793_3,5
14795_1,1
14795_2,5
14795_3,6
14806_1,1
14806_2,5
14806_3,7
14817_1,1
14817_2,5
14817_3,6
14820_1,1
14820_2,4
14820_3,5
14820_4,5
14820_5,6
14820_6,6
14823_1,1
14823_2,5
14823_3,7
14823_4,5
14823_5,7
14823_6,7
14829_1,1
14829_2,4
14829_3,4
14829_4,5
14832_1,1
14832_2,5
14832_3,5
14832_4,6
14832_5,4
14832_6,5
14837_1,4
14837_2,6
14837_3,6
14842_1,1
14842_2,4
14842_3,5
14842_4,4
14842_5,5
14852_1,1
14852_2,6
14852_3,5
14852_4,5
14852_5,5
14852_6,3
14855_1,1
14855_2,5
14855_3,5
14855_4,6
14889_1,1
14889_2,5
14889_3,5
14889_4,5
14889_5,7
14889_6,2
14897_1,2
14897_2,5
14897_3,6
14897_4,5
14897_5,5
14897_6,4
14905_1,2
14905_2,5
14905_3,6
14908_1,1
14908_2,6
14908_3,3
14908_4,5
14923_1,1
14923_2,6
14923_3,1
14923_4,5
14923_5,6
14924_1,1
14924_2,5
14924_3,6
14932_1,1
14932_2,5
14932_3,2
14932_4,6
14952_1,2
14952_2,5
14952_3,5
14960_1,1
14960_2,4
14960_3,7
14960_4,6
14980_1,1
14980_2,4
14980_3,6
14987_1,1
14987_2,5
14987_3,7
14987_4,6
14999_1,2
14999_2,4
14999_3,6
14999_4,6
15009_1,2
15009_2,5
15009_3,6
15023_1,1
15023_2,4
15023_3,6
15023_4,6
15023_5,5
15023_6,4
15044_1,1
15044_2,4
15044_4,1
15044_5,5
15046_1,1
15046_2,5
15046_3,7
15047_1,1
15047_2,5
15047_3,5
15063_1,1
15063_2,4
15063_3,5
15063_4,5
15064_1,2
15064_2,5
15064_5,5
15078_1,1
15078_2,5
15078_3,4
15078_4,5
15079_1,1
15079_2,6
15079_4,4
15097_1,2
15097_2,5
15097_3,5
15097_4,5
15097_5,3
15097_6,5
15098_1,1
15098_2,5
15098_3,3
15098_4,5
15105_1,1
15105_2,5
15105_3,3
15105_4,5
15105_5,1
15105_6,3
15106_1,2
15106_2,5
15106_3,4
15106_4,4
15108_1,2
15108_2,5
15108_3,5
15155_1,1
15155_2,4
15155_3,5
15160_1,1
15160_2,4
15160_3,5
15160_4,5
15160_5,5
15160_6,2
15160_7,5
15160_8,5
15160_9,5
15160_10,5
15165_1,2
15165_2,5
15165_3,5
15165_4,7
15165_5,6
15166_1,2
15166_2,4
15166_3,5
15166_4,5
15166_5,6
15167_1,1
15167_2,6
15167_3,5
15167_4,7
15175_1,1
15175_2,6
15175_3,5
15193_1,1
15193_2,7
15193_3,3
15193_4,3
15198_1,2
15198_2,4
15198_3,3
15198_4,5
15212_1,1
15212_2,5
15212_3,5
15212_4,2
15212_5,6
15212_6,2
15212_7,6
15240_1,3
15240_2,4
15240_3,5
15240_4,1
15240_5,5
15240_6,7
15240_7,5
15240_8,6
15274_1,1
15274_2,4
15274_3,4
15274_4,3
15274_5,7
15274_6,4
15274_7,6
15274_8,7
15274_9,4
15274_10,1
15286_1,1
15286_2,6
15286_3,1
15286_4,5
15287_1,2
15287_2,5
15287_3,6
15287_4,5
15304_1,1
15304_2,3
15304_3,6
15304_4,6
15304_5,5
15316_1,2
15316_2,5
15316_3,6
15316_4,3
15316_5,5
15323_1,1
15323_2,6
15323_3,5
15323_4,2
15336_1,2
15336_2,2
15336_3,5
15336_4,5
15336_5,5
15336_6,4
15344_1,1
15344_2,4
15344_3,3
15344_4,3
15344_5,5
15344_6,6
15344_7,5
15355_1,1
15355_2,5
15355_3,6
15368_1,1
15368_2,3
15368_3,5
15392_1,1
15392_2,5
15392_3,7
15392_4,7
15406_1,1
15406_2,5
15406_3,5
15406_4,6
15420_1,0
15420_2,4
15420_3,5
15420_4,5
15439_1,1
15439_2,5
15439_3,3
15439_4,5
15453_1,1
15453_2,4
15453_3,5
15456_1,1
15456_2,6
15456_3,5
15456_4,5
15470_1,1
15470_2,4
15470_3,5
15470_4,4
15470_5,1
15470_6,5
15470_7,6
15473_1,1
15473_2,6
15473_3,7
15473_4,6
15490_1,1
15490_2,5
15490_3,4
15490_4,6
15490_5,7
15490_6,7
15490_7,6
15492_1,1
15492_2,5
15492_3,4
15492_4,4
15507_1,1
15507_2,4
15507_3,3
15538_1,2
15538_2,6
15538_3,4
15539_1,2
15539_2,5
15539_3,6
15554_1,1
15554_2,6
15554_3,5
15554_4,5
15566_1,2
15566_2,7
15566_3,5
15569_1,1
15569_2,5
15569_3,5
15577_1,1
15577_2,5
15577_3,5
15581_1,1
15581_2,5
15581_3,6
15582_1,1
15582_2,4
15582_3,5
15582_4,1
15582_5,6
15583_1,1
15583_2,5
15583_3,7
15583_4,5
15592_1,1
15592_2,5
15592_3,4
15592_4,6
15593_1,1
15593_2,5
15593_3,3
15593_4,6
15605_1,1
15605_2,5
15605_3,5
15616_1,1
15616_2,4
15616_3,6
15616_4,6
15632_1,2
15632_2,5
15632_3,5
15651_1,1
15651_2,5
15651_3,5
15668_1,0
15668_2,5
15668_3,4
15669_1,2
15669_2,4
15669_3,5
15669_4,6
15669_5,5
15669_6,6
15682_1,1
15682_2,5
15682_3,5
15682_4,5
15684_1,1
15684_2,3
15684_3,7
15687_1,1
15687_2,3
15687_3,5
15688_1,1
15688_2,5
15688_3,4
15688_4,4
15688_5,5
15688_6,6
15688_7,5
15694_1,2
15694_2,6
15694_3,3
15722_1,2
15722_2,5
15722_3,6
15728_1,1
15728_2,5
15728_3,6
15739_1,2
15739_2,4
15739_3,6
15739_4,5
15756_1,1
15756_2,4
15756_3,6
15759_1,2
15759_2,5
15759_3,5
15759_4,4
15759_5,6
15759_6,5
15782_1,1
15782_2,5
15782_3,3
15782_4,5
15782_5,4
15782_6,5
15782_7,5
15782_8,6
15782_9,6
15791_1,1
15791_2,5
15791_3,4
15791_4,6
15791_5,5
15793_1,0
15793_2,5
15793_3,5
15794_1,1
15794_2,5
15794_3,2
15794_4,3
15794_5,5
15794_6,5
15794_7,3
15794_8,7
15805_1,1
15805_2,4
15805_3,5
15805_4,6
15809_1,1
15809_2,6
15809_3,5
15810_1,1
15810_2,5
15810_3,6
15812_1,1
15812_2,5
15812_3,4
15812_4,5
15812_5,5
15812_6,5
15846_1,3
15846_2,4
15846_3,5
15846_4,5
15846_5,2
15846_6,5
15847_1,3
15847_2,5
15847_3,3
15847_4,5
15917_1,3
15917_2,6
15917_3,4
15921_1,1
15921_2,5
15921_3,1
15921_4,2
15921_5,3
15921_6,1
15921_7,5
15923_1,2
15923_2,5
15923_3,7
15931_1,1
15931_2,5
15931_3,5
15946_1,1
15946_2,5
15946_3,6
15946_4,5
15946_5,5
15946_6,6
15955_1,1
15955_2,4
15955_3,5
15955_4,5
15966_1,1
15966_2,6
15966_3,5
15966_4,6
15966_5,5
15966_6,6
15971_1,2
15971_2,2
15971_3,4
15973_1,1
15973_2,3
15973_3,3
15973_4,5
15973_5,7
15996_1,1
15996_2,5
15996_3,5
15996_4,4
15996_5,3
15996_6,4
15996_7,4
15996_8,7
15996_9,6
16006_1,2
16006_2,4
16006_3,5
16082_1,2
16082_2,4
16082_3,6
16178_1,3
16178_2,4
16178_3,4
16178_4,5
16195_1,1
16195_2,4
16195_3,4
16195_4,6
16195_5,4
16195_6,6
16195_7,4
16195_8,5
16197_1,3
16197_2,5
16197_3,7
16197_4,6
16246_1,1
16246_2,5
16246_3,6
16246_4,6
16263_1,2
16263_2,4
16263_3,5
16263_4,3
16282_1,1
16282_2,5
16282_3,5
16282_4,5
16282_5,5
16301_1,1
16301_2,5
16301_3,5
16301_4,5
16301_5,4
16315_1,1
16315_2,5
16315_3,5
16315_4,5
16354_1,2
16354_2,3
16354_3,6
16373_1,2
16373_2,4
16373_3,4
16373_4,5
16373_5,5
16373_6,7
16399_1,1
16399_2,5
16399_3,5
16399_4,7
16399_5,6
16399_6,7
16399_7,7
16409_1,2
16409_2,5
16409_3,7
16449_1,2
16449_2,5
16449_3,6
16492_1,1
16492_2,5
16492_3,5
16492_4,5
16504_1,2
16504_2,5
16504_3,6
16509_1,1
16509_2,4
16509_3,5
16509_4,4
16518_1,2
16518_2,5
16518_3,4
16518_4,5
16518_5,5
16535_1,1
16535_2,5
16535_3,6
16538_1,1
16538_2,5
16538_3,5
16538_4,5
16538_5,5
16554_1,2
16554_2,5
16554_3,6
16560_1,1
16560_2,5
16560_3,5
16575_1,0
16575_2,5
16575_3,7
16575_4,7
16580_1,2
16580_2,6
16580_3,4
16580_4,5
16580_5,7
16580_6,4
16589_1,1
16589_2,4
16589_3,5
16589_4,2
16589_5,6
16589_6,2
16589_7,4
16589_8,2
16650_1,1
16650_2,5
16650_3,4
16671_1,2
16671_2,5
16671_3,5
16671_4,5
16671_5,6
16725_1,1
16725_2,5
16725_3,6
16729_1,1
16729_2,5
16729_3,7
16729_4,2
16729_5,7
16808_1,2
16808_2,6
16808_3,3
16823_1,1
16823_2,5
16823_3,5
16823_4,5
16823_5,7
16841_1,1
16841_2,5
16841_3,5
16841_4,5
16865_1,2
16865_2,4
16865_3,5
16865_4,3
16897_1,1
16897_2,4
16897_3,5
16897_4,6
16902_1,1
16902_2,5
16902_3,6
16970_1,0
16970_2,5
16970_3,5
16970_4,4
16970_5,6
16970_6,2
17005_1,2
17005_2,6
17005_3,3
17017_1,1
17017_2,6
17017_3,5
17017_4,7
17030_1,1
17030_2,6
17030_3,5
17048_1,3
17048_2,3
17048_3,3
17085_1,2
17085_2,4
17085_3,5
17085_4,7
17085_5,7
17104_1,3
17104_2,5
17104_3,6
17115_1,1
17115_2,2
17115_3,6
17119_1,1
17119_2,6
17119_3,3
17166_1,1
17166_2,3
17166_3,8
17166_4,5
17170_1,1
17170_2,5
17170_3,5
17170_4,6
17170_5,6
17173_1,2
17173_2,4
17173_3,4
17173_4,5
17195_1,2
17195_2,5
17195_3,6
17242_1,0
17242_2,1
17242_3,5
17242_4,6
17244_1,2
17244_2,5
17244_3,5
17244_4,5
17246_1,2
17246_2,5
17246_3,6
17252_1,1
17252_2,5
17252_3,2
17252_4,5
17277_1,1
17277_2,5
17277_3,5
17313_1,1
17313_2,5
17313_3,5
17313_4,5
17313_5,5
17313_6,5
17319_1,1
17319_2,3
17319_3,2
17319_4,5
17319_5,6
17329_1,2
17329_2,5
17329_3,6
17329_4,7
17330_1,1
17330_2,5
17330_3,2
17339_1,1
17339_2,5
17339_3,7
17339_4,6
17339_5,4
17339_6,5
17354_1,1
17354_2,5
17354_3,2
17354_4,5
17354_5,6
17359_1,2
17359_2,5
17359_3,7
17377_1,1
17377_2,4
17377_3,5
17377_4,6
17389_1,2
17389_2,5
17389_3,5
17429_1,2
17429_2,5
17429_3,5
17482_1,2
17482_2,4
17482_3,2
17501_1,1
17501_2,5
17501_3,7
17501_4,6
17501_5,5
17513_1,3
17513_2,5
17513_3,6
17526_1,1
17526_2,5
17526_3,5
17561_1,1
17561_2,3
17561_3,6
17561_4,5
17593_1,1
17593_2,5
17593_3,5
17613_1,2
17613_2,4
17613_3,3
17613_4,1
17613_5,7
17613_6,5
17634_1,0
17634_2,5
17634_3,5
17634_4,6
17634_5,6
17642_1,1
17642_2,6
17642_3,5
17649_1,1
17649_2,5
17649_3,6
17661_1,2
17661_2,3
17661_3,7
17696_1,2
17696_2,5
17696_3,5
17701_1,1
17701_2,5
17701_3,5
17759_1,1
17759_2,4
17759_3,6
17759_4,5
17759_5,7
17767_1,1
17767_2,5
17767_3,5
17767_4,5
17774_1,1
17774_2,5
17774_3,6
17774_4,4
17778_1,2
17778_2,6
17778_3,5
17778_4,4
17778_5,5
17778_6,2
17778_7,5
17778_8,5
17778_9,5
17778_10,4
17796_1,2
17796_2,4
17796_3,5
17832_1,1
17832_2,5
17832_3,7
17832_4,5
17868_1,1
17868_2,5
17868_3,2
17868_4,3
17868_5,5
17868_6,5
17868_7,7
17868_8,5
17868_9,5
17881_1,1
17881_2,5
17881_3,5
17881_4,5
17907_1,1
17907_2,4
17907_3,3
17907_4,5
17907_5,5
17907_6,4
17907_7,5
17907_8,5
17907_9,5
17929_1,1
17929_2,5
17929_3,2
17929_4,5
17929_5,6
17943_1,1
17943_2,5
17943_3,7
17943_4,5
17943_5,5
17943_6,7
17943_7,6
17982_1,2
17982_2,5
17982_3,2
17982_4,5
18014_1,1
18014_2,3
18014_3,5
18014_4,7
18014_5,5
18019_1,2
18019_2,5
18019_3,3
18019_4,5
18019_5,6
18043_1,2
18043_2,6
18043_3,4
18043_4,4
18043_5,4
18043_6,5
18043_7,3
18043_8,5
18043_9,6
18152_1,1
18152_2,5
18152_3,6
18167_1,1
18167_2,6
18167_3,4
18167_4,2
18210_1,1
18210_2,5
18210_3,3
18210_4,5
18210_5,5
18249_1,1
18249_2,4
18249_3,5
18249_4,3
18263_1,2
18263_2,4
18263_3,5
18266_1,2
18266_2,5
18266_3,1
18270_1,1
18270_2,5
18270_3,5
18270_4,5
18270_5,5
18315_1,1
18315_2,4
18315_3,7
18323_1,1
18323_2,4
18323_3,5
18323_4,2
18332_1,1
18332_2,6
18332_3,2
18338_1,3
18338_2,7
18338_3,4
18338_4,3
18338_5,3
18338_6,5
18398_1,2
18398_2,4
18398_3,3
18398_4,5
18398_5,2
18398_6,5
18398_7,4
18398_8,5
18413_1,1
18413_2,5
18413_4,5
18413_5,5
18413_6,5
18413_7,4
18413_8,5
18413_9,7
18413_10,6
18433_1,2
18433_2,4
18433_3,4
18433_4,4
18433_5,5
18433_6,5
18444_1,1
18444_2,5
18444_3,5
18474_1,2
18474_2,5
18474_3,4
18474_4,4
18474_5,6
18482_1,1
18482_2,5
18482_3,5
18482_4,5
18483_1,3
18483_2,5
18483_3,6
18554_1,1
18554_2,5
18554_3,5
18560_1,4
18560_2,5
18560_3,7
18596_1,1
18596_2,5
18596_3,6
18596_4,5
18596_5,3
18596_6,5
18623_1,1
18623_2,5
18623_3,4
18630_1,1
18630_2,4
18630_3,6
18630_4,4
18630_5,6
18630_6,2
18630_7,6
18633_1,1
18633_2,4
18633_3,6
18633_4,5
18635_1,1
18635_2,5
18635_3,5
18635_4,5
18635_5,5
18635_6,6
18635_7,6
18635_8,5
18650_1,2
18650_2,5
18650_3,4
18650_4,5
18654_1,1
18654_2,5
18654_3,6
18654_4,5
18654_5,5
18654_6,5
18654_7,6
18666_1,2
18666_2,5
18666_3,7
18697_1,2
18697_2,4
18697_3,3
18697_4,4
18697_5,5
18719_1,2
18719_2,5
18719_3,6
18719_4,5
18719_5,6
18719_6,4
18761_1,1
18761_2,4
18761_3,2
18761_4,6
18772_1,1
18772_2,5
18772_3,5
18789_1,1
18789_2,4
18789_3,2
18789_4,5
18800_1,2
18800_2,5
18800_3,7
18801_1,1
18801_2,5
18801_3,6
18802_1,3
18802_2,5
18802_3,6
18802_4,8
18802_5,5
18802_6,5
18802_7,5
18802_8,6
18816_1,1
18816_2,5
18816_3,3
18816_4,5
18820_1,1
18820_2,5
18820_3,5
18849_1,1
18849_2,4
18849_3,5
18852_1,0
18852_2,4
18852_3,3
18882_1,1
18882_2,5
18882_3,5
18882_4,5
18882_5,5
18882_6,5
18882_7,6
18912_1,1
18912_2,5
18912_3,5
18912_4,3
18921_1,1
18921_2,5
18921_3,5
18921_4,2
18987_1,1
18987_2,6
18987_3,5
18987_4,6
18987_5,3
18987_6,5
18987_7,5
18988_1,0
18988_2,4
18988_3,6
18988_4,5
19001_1,1
19001_2,5
19001_3,5
19053_1,1
19053_2,3
19053_3,6
19053_4,3
19053_5,6
19053_6,5
19053_7,7
19074_1,1
19074_2,5
19074_3,6
19074_4,5
19074_5,7
19074_6,1
19081_1,1
19081_2,5
19081_3,7
19081_4,5
19095_1,2
19095_2,5
19095_3,2
19108_1,1
19108_2,5
19108_3,5
19108_4,5
19132_1,1
19132_2,5
19132_3,6
19138_1,1
19138_2,5
19138_3,7
19151_1,2
19151_2,5
19151_3,7
19151_4,5
19151_5,5
19156_1,3
19156_2,5
19156_3,7
19172_1,2
19172_2,5
19172_3,1
19185_1,1
19185_2,5
19185_3,5
19185_4,5
19185_5,5
19208_1,2
19208_2,5
19208_3,5
19208_4,5
19208_5,5
19211_1,3
19211_2,5
19211_3,5
19211_4,5
19211_5,6
19258_1,1
19258_2,6
19258_3,5
19258_4,3
19258_5,5
19273_1,3
19273_2,4
19273_3,2
19273_4,5
19312_1,1
19312_2,5
19312_3,5
19353_1,2
19353_2,5
19353_3,4
19353_4,6
19357_1,1
19357_2,4
19357_3,6
19357_4,3
19357_5,5
19366_1,1
19366_2,5
19366_3,4
19376_1,3
19376_2,2
19376_3,1
19376_4,2
19376_5,5
19381_1,1
19381_2,5
19381_3,3
19381_4,4
19381_5,2
19381_6,5
19381_7,5
19417_1,1
19417_2,5
19417_3,4
19417_4,2
19417_5,5
19417_6,5
19418_1,1
19418_2,6
19418_3,7
19418_4,7
19433_1,1
19433_2,5
19433_3,6
19433_4,6
19445_1,2
19445_2,5
19445_3,6
19455_1,2
19455_2,5
19455_3,3
19455_5,3
19455_6,2
19455_7,6
19475_1,1
19475_2,4
19475_3,6
19475_4,4
19475_5,5
19475_6,4
19475_7,6
19477_1,1
19477_2,4
19477_3,2
19477_4,6
19477_5,4
19477_6,4
19477_7,5
19478_1,1
19478_2,6
19478_3,2
19478_4,6
19478_5,6
19488_1,1
19488_2,5
19488_3,5
19489_1,1
19489_2,4
19489_3,2
19528_1,1
19528_2,5
19528_3,5
19528_4,7
19549_1,1
19549_2,5
19549_3,6
19558_1,1
19558_2,5
19558_3,5
19558_4,6
19563_1,1
19563_2,5
19563_3,4
19581_1,1
19581_2,5
19581_3,7
19591_1,1
19591_2,5
19591_3,4
19591_4,1
19591_5,6
19591_6,5
19591_7,6
19634_1,1
19634_2,4
19634_3,5
19642_1,2
19642_2,5
19642_3,6
19642_4,5
19642_5,6
19648_1,2
19648_2,5
19648_3,6
19650_1,3
19650_2,4
19650_3,5
19650_4,5
19650_5,4
19650_6,5
19650_7,5
19650_9,7
19650_10,5
19652_1,1
19652_2,4
19652_3,2
19652_4,5
19657_1,1
19657_2,4
19657_3,7
19657_4,5
19657_5,7
19667_1,1
19667_2,5
19667_3,6
19667_4,7
19667_5,3
19674_1,1
19674_2,5
19674_3,5
19701_1,1
19701_2,4
19701_3,3
19701_4,5
19701_5,5
19701_6,5
19701_7,6
19701_8,5
19701_9,2
19701_10,7
19740_1,2
19740_2,5
19740_3,5
19747_1,1
19747_2,5
19747_3,5
19747_4,4
19747_5,6
19778_1,1
19778_2,4
19778_3,5
19778_4,1
19778_5,5
19778_6,5
19780_1,1
19780_2,4
19780_3,3
19791_1,2
19791_2,4
19791_3,4
19791_4,5
19791_5,2
19791_6,5
19791_7,5
19794_1,2
19794_2,5
19794_3,7
19796_1,3
19796_2,5
19796_3,5
19806_1,1
19806_2,5
19806_3,6
19806_4,5
19806_5,6
19846_1,1
19846_2,5
19846_3,5
19846_4,5
19857_1,1
19857_2,5
19857_3,2
19864_1,1
19864_2,3
19864_3,7
19864_4,3
19864_5,7
19866_1,2
19866_2,5
19866_3,2
19866_4,6
19872_1,1
19872_2,6
19872_3,5
19878_1,2
19878_2,5
19878_3,5
19889_1,3
19889_2,6
19889_3,3
19889_4,5
19889_5,6
19891_1,1
19891_2,6
19891_3,6
19891_4,7
19891_5,6
19895_1,2
19895_2,5
19895_3,4
19895_4,5
19895_5,4
19895_6,5
19895_7,5
19903_1,1
19903_2,6
19903_3,4
19903_4,4
19903_5,5
19903_6,7
19903_7,1
19903_8,5
19908_1,1
19908_2,5
19908_3,4
19908_4,6
19908_5,7
19908_6,6
19929_1,1
19929_2,5
19929_3,6
19929_4,5
19929_5,5
19944_1,2
19944_2,5
19944_3,6
19951_1,2
19951_2,5
19951_3,7
19961_1,1
19961_2,5
19961_3,7
19971_1,1
19971_2,5
19971_3,5
19971_4,7
19971_5,7
19980_1,1
19980_2,5
19980_3,7
19982_1,2
19982_2,5
19982_3,5
19989_1,2
19989_2,2
19989_3,4
19989_4,4
19989_5,5
19989_6,3
19989_7,5
19994_1,3
19994_2,5
19994_3,7
19994_4,7
19994_6,4
20028_1,2
20028_2,3
20028_3,2
20034_1,1
20034_2,3
20034_3,3
20034_4,4
20039_1,1
20039_2,5
20039_3,5
20039_4,6
20105_1,1
20105_2,5
20105_3,5
20105_4,5
20115_1,1
20115_2,5
20115_3,3
20115_4,4
20156_1,1
20156_2,5
20156_3,6
20156_4,6
20156_5,6
20156_6,7
20177_1,2
20177_2,4
20177_3,4
20177_4,3
20177_5,5
20197_1,1
20197_2,5
20197_3,6
20214_1,1
20214_2,5
20214_3,5
20214_4,5
20214_5,3
20214_6,5
20214_7,7
20234_1,2
20234_2,5
20234_3,5
20234_4,2
20257_1,3
20257_2,5
20257_3,3
20285_1,1
20285_2,5
20285_3,5
20289_1,1
20289_2,5
20289_3,7
20289_4,5
20300_1,1
20300_2,4
20300_3,5
20300_4,2
20300_5,3
20300_6,6
20300_7,6
20300_8,5
20300_9,6
20301_1,1
20301_2,5
20301_3,6
20312_1,1
20312_2,5
20312_3,5
20312_4,5
20312_5,5
20324_1,2
20324_2,5
20324_3,5
20326_1,1
20326_2,4
20326_3,3
20326_4,5
20326_5,6
20337_1,3
20337_2,5
20337_3,6
20348_1,1
20348_2,3
20348_3,4
20348_4,6
20348_5,4
20358_1,3
20358_2,5
20358_3,5
20358_4,5
20364_1,2
20364_2,4
20364_3,7
20364_4,4
20364_5,2
20366_1,3
20366_2,5
20366_3,6
20377_1,1
20377_2,5
20377_3,7
20377_4,7
20389_1,1
20389_2,5
20389_3,5
20389_4,3
20389_5,2
20390_1,2
20390_2,5
20390_3,6
20407_1,1
20407_2,5
20407_3,5
20407_4,5
20407_5,4
20407_6,5
20407_7,6
20407_8,6
20407_9,6
20409_1,2
20409_2,3
20409_3,6
20421_1,2
20421_2,4
20421_3,3
20421_4,6
20421_5,4
20421_6,6
20421_7,1
20421_8,6
20444_1,1
20444_2,5
20444_3,5
20444_4,5
20444_5,6
20452_1,1
20452_2,6
20452_3,5
20475_1,2
20475_2,4
20475_3,5
20475_4,6
20481_1,1
20481_2,5
20481_3,2
20481_4,5
20481_5,4
20481_6,5
20481_7,7
20527_1,2
20527_2,5
20527_3,5
20527_4,2
20529_1,1
20529_2,5
20529_3,6
20536_1,1
20536_2,4
20536_3,5
20536_4,5
20536_5,5
20536_6,4
20536_7,4
20536_8,4
20536_9,5
20536_10,6
20541_1,1
20541_2,5
20541_3,5
20541_4,2
20541_5,5
20541_6,2
20549_1,1
20549_2,5
20549_3,2
20549_4,6
20549_5,5
20549_6,5
20555_1,1
20555_2,4
20555_3,5
20567_1,1
20567_2,5
20567_3,5
20567_4,5
20567_5,6
20567_6,4
20574_1,2
20574_2,4
20574_3,5
20580_1,1
20580_2,3
20580_3,4
20580_4,3
20580_5,4
20580_6,5
20580_7,5
20607_1,1
20607_2,5
20607_3,5
20607_4,2
20607_5,5
20607_6,5
20610_1,1
20610_2,5
20610_3,5
20612_1,1
20612_2,5
20612_3,1
20612_4,4
20612_5,5
20622_1,2
20622_2,4
20622_3,6
20653_1,1
20653_2,4
20653_3,2
20658_1,1
20658_2,5
20658_3,2
20658_4,5
20658_5,1
20658_6,3
20658_7,6
20658_8,7
20658_9,7
20680_1,2
20680_2,5
20680_3,6
20680_4,6
20680_5,6
20693_1,3
20693_2,5
20693_3,6
20697_1,1
20697_2,4
20697_3,5
20697_4,2
20704_1,1
20704_2,5
20704_3,4
20704_4,5
20705_1,1
20705_2,5
20705_3,3
20705_4,1
20716_1,1
20716_2,3
20716_3,6
20716_4,5
20716_5,6
20732_1,1
20732_2,2
20732_3,5
20732_4,3
20732_5,3
20732_6,5
20732_7,6
20732_8,6
20768_1,2
20768_2,5
20768_3,5
20799_1,0
20799_2,5
20799_3,6
20808_1,1
20808_2,5
20808_3,6
20808_4,5
20808_5,7
20808_6,5
20812_1,2
20812_2,6
20812_3,6
20812_4,5
20812_5,5
20817_1,1
20817_2,5
20817_4,5
20833_1,1
20833_2,5
20833_3,6
20833_4,2
20836_1,2
20836_2,2
20836_3,6
20836_4,5
20836_5,5
20866_1,1
20866_2,5
20866_3,5
20866_4,5
20866_5,4
20866_6,5
20915_1,1
20915_2,6
20915_3,6
20931_1,1
20931_2,4
20931_3,3
20931_4,5
20931_5,7
20931_6,6
20933_1,0
20933_2,4
20933_3,4
20933_4,6
20939_1,2
20939_2,5
20939_3,3
20979_1,2
20979_2,5
20979_4,3
20980_1,1
20980_2,5
20980_3,5
20980_4,6
21013_1,1
21013_2,2
21013_3,1
21013_4,2
21013_5,3
21013_6,4
21013_7,3
21013_8,5
21013_9,2
21013_10,4
21016_1,1
21016_2,6
21016_3,6
21016_4,5
21016_5,5
21030_1,1
21030_2,5
21030_3,5
21040_1,3
21040_2,5
21040_3,6
21040_4,5
21044_1,0
21044_2,3
21044_3,5
21044_4,5
21056_1,1
21056_2,5
21056_3,5
21056_4,7
21056_5,5
21059_1,1
21059_2,4
21059_3,2
21059_4,2
21059_5,5
21075_1,1
21075_2,4
21075_3,2
21075_4,4
21075_5,5
21075_6,6
21075_7,6
21125_1,2
21125_2,4
21125_3,5
21125_4,5
21125_5,5
21125_7,5
21128_1,2
21128_2,4
21128_3,5
21128_4,2
21131_1,1
21131_2,5
21131_3,6
21132_1,1
21132_2,5
21132_3,6
21142_1,2
21142_2,5
21142_3,5
21149_1,1
21149_2,4
21149_3,6
21149_4,5
21156_1,2
21156_2,4
21156_3,4
21156_4,5
21156_5,3
21164_1,1
21164_2,4
21164_3,5
21164_4,5
21166_1,1
21166_2,5
21166_3,2
21166_4,6
21180_1,1
21180_2,5
21180_3,6
21181_1,0
21181_2,5
21181_3,5
21181_4,2
21211_1,1
21211_2,5
21211_4,6
21233_1,1
21233_2,4
21233_3,6
21244_1,1
21244_2,6
21244_3,3
21244_4,3
21244_5,6
21248_1,1
21248_2,5
21248_3,5
21295_1,1
21295_2,6
21295_3,5
21295_4,4
21301_1,1
21301_2,5
21301_3,7
21301_4,6
21301_5,5
21340_1,0
21340_2,5
21340_3,5
21340_4,4
21340_5,1
21350_1,2
21350_2,5
21350_3,5
21350_4,7
21350_5,6
21350_6,6
21369_1,1
21369_2,6
21369_4,5
21369_5,5
21369_6,2
21371_1,0
21371_2,1
21371_3,3
21379_1,1
21379_2,5
21379_3,4
21379_4,6
21382_1,1
21382_2,4
21382_3,2
21422_1,1
21422_2,4
21422_3,2
21422_4,5
21422_5,5
21422_6,3
21422_7,5
21422_8,5
21428_1,1
21428_2,5
21428_3,6
21445_1,3
21445_2,3
21445_3,6
21445_4,5
21445_5,1
21445_6,1
21445_7,5
21445_8,5
21445_9,3
21445_10,6
21447_1,1
21447_2,5
21447_3,5
21451_1,1
21451_2,3
21451_3,5
21451_4,3
21451_5,6
21452_1,2
21452_2,3
21452_3,5
21457_1,2
21457_2,4
21457_3,7
21466_1,1
21466_2,7
21466_3,2
21471_1,2
21471_2,3
21471_3,3
21471_4,3
21471_5,5
21480_1,1
21480_2,5
21480_3,5
21490_1,2
21490_2,5
21490_3,2
21493_1,2
21493_2,5
21493_3,3
21493_4,2
21526_1,1
21526_2,5
21526_3,7
21526_4,5
21526_5,7
21529_1,1
21529_2,4
21529_3,2
21581_1,1
21581_2,5
21581_3,4
21581_4,5
21589_1,1
21589_2,5
21589_3,5
21599_1,1
21599_2,5
21599_3,5
21599_4,5
21599_6,2
21599_7,5
21599_8,5
21643_1,1
21643_2,5
21643_3,7
21655_1,1
21655_2,5
21655_3,2
21655_4,4
21655_5,3
21655_6,5
21661_1,2
21661_2,5
21661_3,5
21666_1,1
21666_2,5
21666_3,5
21666_4,5
21666_5,6
21727_1,2
21727_2,5
21727_3,7
21759_1,1
21759_2,5
21759_3,5
21763_1,4
21763_2,5
21763_3,2
21815_1,1
21815_2,5
21815_3,6
21816_1,3
21816_2,5
21816_3,5
21816_4,5
21902_1,2
21902_2,5
21902_3,6
21902_4,6
21902_5,5
21922_1,1
21922_2,5
21922_3,7
21922_4,6
21971_1,1
21971_2,5
21971_3,3
21988_1,2
21988_2,5
21988_3,5
22004_1,1
22004_2,5
22004_3,5
22004_4,5
22004_5,5
22024_1,0
22024_2,6
22024_3,3
22085_1,1
22085_2,5
22085_3,5
22085_4,5
22100_1,1
22100_2,5
22100_3,2
22100_4,5
22100_5,5
22100_6,5
22104_1,1
22104_2,6
22104_3,5
22110_1,2
22110_2,5
22110_3,5
22110_4,5
22110_5,3
22110_6,5
22110_7,5
22110_8,5
22110_9,6
22110_10,7
22147_1,1
22147_2,2
22147_3,6
22226_1,1
22226_2,6
22226_3,6
22226_4,5
22226_5,2
22226_6,6
22226_7,5
22229_1,1
22229_2,4
22229_3,5
22238_1,2
22238_2,7
22238_3,4
22238_4,5
22252_1,2
22252_2,6
22252_3,4
22252_4,2
22252_5,4
22252_6,5
22252_7,2
22252_8,5
22264_1,1
22264_2,5
22264_3,6
22264_4,1
22264_5,5
22264_6,5
22264_7,6
22264_8,5
22271_1,2
22271_2,4
22271_3,5
22299_1,2
22299_2,5
22299_3,2
22299_4,5
22299_5,5
22299_6,5
22313_1,1
22313_2,5
22313_3,7
22313_4,4
22313_5,4
22313_6,5
22313_7,5
22313_8,6
22342_1,1
22342_2,4
22342_3,5
22342_4,5
22342_5,1
22342_6,2
22353_1,2
22353_2,5
22353_3,3
22363_1,1
22363_2,5
22363_3,6
22363_4,7
22375_1,1
22375_2,6
22375_3,5
22431_1,1
22431_2,5
22431_3,1
22431_4,5
22431_5,5
22431_6,5
22458_1,1
22458_2,5
22458_3,4
22470_1,2
22470_2,5
22470_3,5
22474_1,1
22474_2,5
22474_3,4
22474_4,5
22487_1,1
22487_2,5
22487_3,5
22487_4,6
22488_1,1
22488_2,5
22488_3,7
22488_4,2
22488_5,5
22536_1,1
22536_2,5
22536_3,5
22536_4,5
22537_1,1
22537_2,5
22537_3,5
22537_4,5
22541_1,1
22541_2,5
22541_3,4
22541_4,7
22583_1,1
22583_2,6
22583_3,6
22589_1,1
22589_2,5
22589_3,5
22589_4,3
22599_1,1
22599_2,5
22599_3,5
22599_4,5
22604_1,1
22604_2,5
22604_3,7
22604_4,5
22604_5,5
22604_6,5
22604_7,5
22607_1,0
22607_2,4
22607_3,5
22607_4,6
22630_1,1
22630_2,5
22630_3,6
22630_4,5
22630_5,6
22630_6,5
22655_1,2
22655_2,5
22655_3,7
22655_4,7
22655_5,3
22672_1,1
22672_2,4
22672_3,4
22672_4,7
22681_1,1
22681_2,5
22681_3,7
22681_4,6
22681_5,3
22681_6,6
22687_1,1
22687_2,5
22687_3,5
22691_1,1
22691_2,5
22691_3,5
22703_1,1
22703_2,5
22703_3,4
22703_4,2
22703_5,3
22703_6,3
22713_1,1
22713_2,4
22713_3,6
22713_4,6
22713_5,4
22721_1,1
22721_2,5
22721_3,4
22721_4,4
22721_5,6
22721_6,7
22721_7,7
22723_1,2
22723_2,5
22723_3,6
22745_1,2
22745_2,5
22745_3,4
22745_4,5
22814_1,1
22814_2,5
22814_3,3
22814_4,5
22829_1,1
22829_2,3
22829_3,5
22829_4,5
22829_5,1
22829_6,5
22835_1,1
22835_2,4
22835_3,4
22835_4,6
22838_1,1
22838_2,6
22838_3,5
22838_4,5
22838_5,4
22873_1,1
22873_2,5
22873_3,2
22873_4,6
22873_5,5
22873_6,5
22886_1,1
22886_2,4
22886_3,5
22886_4,6
22911_1,1
22911_2,5
22911_3,6
22925_1,1
22925_2,5
22925_3,5
22925_4,7
22950_1,2
22950_2,5
22950_3,5
22957_1,1
22957_2,5
22957_3,4
22957_4,5
22957_5,6
22961_1,1
22961_2,4
22961_3,6
22961_4,5
23018_1,1
23018_2,5
23018_3,5
23018_4,5
23031_1,3
23031_2,6
23031_3,1
23031_4,6
23063_1,3
23063_2,4
23063_3,3
23063_4,3
23088_1,1
23088_2,5
23088_3,6
23088_4,5
23088_5,2
23088_6,4
23088_7,7
23088_8,7
23099_1,2
23099_2,5
23099_3,7
23099_4,6
23121_1,2
23121_2,5
23121_3,1
23121_4,3
23121_5,5
23121_6,4
23121_7,7
23142_1,2
23142_2,3
23142_3,4
23142_4,5
23142_5,5
23142_6,5
23145_1,2
23145_2,5
23145_3,4
23145_4,5
23145_5,5
23145_6,5
23145_7,5
23145_8,5
23152_1,2
23152_2,5
23152_3,6
23152_4,7
23155_1,3
23155_2,5
23155_3,5
23160_1,1
23160_2,5
23160_3,4
23160_4,5
23160_5,6
23160_6,4
23162_1,2
23162_2,5
23162_3,7
23162_4,5
23176_1,2
23176_2,4
23176_3,6
23193_1,2
23193_2,6
23193_3,5
23198_1,1
23198_2,5
23198_3,4
23205_1,1
23205_2,5
23205_3,5
23205_4,4
23219_1,1
23219_2,5
23219_3,5
23219_4,4
23219_5,3
23219_6,3
23219_7,5
23219_8,5
23219_9,4
23219_10,5
23237_1,1
23237_2,2
23237_3,6
23237_4,5
23238_1,2
23238_2,3
23238_3,6
23238_4,4
23241_1,1
23241_2,2
23241_3,5
23241_4,5
23253_1,1
23253_2,5
23253_3,4
23256_1,2
23256_2,4
23256_3,4
23256_4,6
23256_5,5
23258_1,1
23258_2,4
23258_3,4
23258_4,5
23258_5,3
23258_6,4
23258_7,3
23284_1,1
23284_2,5
23284_3,4
23284_4,7
23314_1,2
23314_2,5
23314_3,5
23341_1,1
23341_2,5
23341_3,6
23341_4,6
23345_1,1
23345_2,4
23345_3,4
23349_1,1
23349_2,3
23349_3,5
23349_4,5
23362_1,2
23362_2,4
23362_3,5
23362_4,2
23370_1,1
23370_2,6
23370_3,5
23370_4,5
23370_5,3
23370_6,5
23370_7,1
23417_1,3
23417_2,5
23417_3,1
23424_1,1
23424_2,5
23424_3,3
23424_4,6
23429_1,1
23429_2,5
23429_3,6
23429_4,3
23429_5,6
23448_1,1
23448_2,4
23448_3,6
23448_4,6
23457_1,1
23457_2,6
23457_3,6
23457_4,5
23457_5,5
23457_6,5
23459_1,3
23459_2,4
23459_3,5
23459_4,5
23462_1,2
23462_2,5
23462_3,4
23462_4,3
23466_1,2
23466_2,4
23466_3,2
23466_4,4
23466_5,3
23466_6,6
23471_1,2
23471_2,5
23471_3,5
23471_4,6
23485_1,1
23485_2,5
23485_3,7
23487_1,1
23487_2,5
23487_3,5
23487_4,5
23487_5,5
23487_6,4
23487_7,3
23487_8,5
23487_9,2
23489_1,2
23489_2,4
23489_3,3
23489_4,4
23489_5,5
23489_6,5
23489_7,4
23489_8,5
23501_1,1
23501_2,2
23501_3,6
23501_4,4
23501_5,6
23501_6,5
23563_1,2
23563_2,5
23563_3,5
23563_4,6
23578_1,1
23578_2,4
23578_3,5
23578_4,5
23659_1,1
23659_2,5
23659_3,5
23663_1,2
23663_2,5
23663_3,2
23663_4,6
23663_5,6
23672_1,0
23672_2,4
23672_3,1
23672_4,3
23672_5,1
23672_6,5
23673_1,1
23673_2,3
23673_3,5
23724_1,2
23724_2,4
23724_3,1
23724_4,6
23727_1,1
23727_2,5
23727_3,2
23727_4,6
23738_1,1
23738_2,3
23738_3,5
23740_1,1
23740_2,5
23740_3,6
23740_4,8
23753_1,2
23753_2,5
23753_3,5
23753_4,5
23863_1,0
23863_2,5
23863_3,5
23863_4,5
23884_1,2
23884_2,4
23884_3,6
24035_1,0
24035_2,6
24035_3,2
24035_4,6
24063_1,2
24063_2,4
24063_3,6
24063_4,4
24072_1,1
24072_2,5
24072_3,3
24072_4,4
24171_1,1
24171_2,6
24171_3,3
24171_4,5
24171_5,2
24171_6,5
24179_1,1
24179_2,5
24179_3,5
24179_4,5
24179_5,5
24181_1,3
24181_2,6
24181_3,6
24189_1,1
24189_2,5
24189_3,7
24197_1,1
24197_2,5
24197_3,5
24197_4,6
24239_1,2
24239_2,5
24239_3,6
24264_1,1
24264_2,5
24264_3,7
24264_4,4
24272_1,2
24272_2,5
24272_3,5
24298_1,1
24298_2,2
24298_3,5
24298_4,6
24319_1,3
24319_2,5
24319_3,6
24319_4,5
24324_1,1
24324_2,5
24324_3,2
24324_4,4
24324_5,4
24354_1,1
24354_2,5
24354_3,4
24354_4,5
24354_5,5
24354_6,5
24354_7,6
24361_1,2
24361_2,5
24361_3,5
24393_1,2
24393_2,5
24393_3,5
24400_1,2
24400_2,3
24400_3,5
24400_4,6
24400_5,7
24400_6,7
24414_1,1
24414_2,5
24414_3,3
24414_4,5
24414_5,5
24414_6,5
24426_1,1
24426_2,5
24426_3,5
24431_1,2
24431_2,5
24431_3,5
24431_4,7
24438_1,2
24438_2,5
24438_3,5
24438_4,5
24449_1,1
24449_2,5
24449_3,5
24449_4,5
24449_5,6
24449_6,5
24484_1,2
24484_2,3
24484_3,5
24484_4,4
24484_5,6
24484_6,1
24484_7,5
24484_8,7
24484_9,8
24486_1,2
24486_2,5
24486_3,5
24559_1,1
24559_2,5
24559_3,5
24559_4,3
24580_1,1
24580_2,6
24580_3,5
24581_1,1
24581_2,5
24581_3,6
24581_4,3
24581_5,5
24581_6,3
24581_7,4
24581_8,5
24593_1,2
24593_2,4
24593_3,4
24593_4,3
24637_1,2
24637_2,4
24637_3,6
24637_4,6
24646_1,1
24646_2,4
24646_3,3
24646_4,6
24664_1,2
24664_2,6
24664_3,5
24681_1,1
24681_2,4
24681_3,2
24681_4,5
24681_5,7
24695_1,1
24695_2,4
24695_3,5
24718_1,0
24718_2,4
24718_3,5
24725_1,1
24725_2,3
24725_3,5
24725_4,5
24727_1,1
24727_2,5
24727_3,3
24727_4,6
24739_1,3
24739_2,2
24739_3,5
24828_1,2
24828_2,4
24828_3,4
24837_1,2
24837_2,5
24837_3,5
24847_1,1
24847_2,5
24847_3,4
24847_4,4
24847_5,5
24855_1,1
24855_2,4
24855_3,3
24862_1,1
24862_2,3
24862_3,6
24862_4,5
24862_5,7
24862_6,6
24863_1,2
24863_2,2
24863_3,5
24863_4,5
24863_5,5
24865_1,1
24865_2,5
24865_3,7
24865_4,6
24865_5,5
24887_1,1
24887_2,5
24887_3,2
24894_1,1
24894_2,5
24894_3,4
24920_1,1
24920_2,4
24920_3,5
24922_1,1
24922_2,6
24922_3,2
24922_4,6
24930_1,1
24930_2,4
24930_3,5
24930_4,6
24931_1,0
24931_2,3
24931_3,1
24931_4,4
24941_1,1
24941_2,6
24941_3,6
24941_4,6
24945_1,2
24945_2,5
24945_3,6
24949_1,2
24949_2,3
24949_3,6
24949_4,4
24984_1,1
24984_2,5
24984_3,4
24984_4,5
24995_1,1
24995_2,4
24995_3,5
25008_1,1
25008_2,5
25008_3,1
25008_4,5
25016_1,1
25016_2,2
25016_3,6
25016_4,5
25017_1,1
25017_2,5
25017_3,2
25017_4,5
25017_5,2
25040_1,1
25040_2,4
25040_3,1
25040_4,5
25063_1,1
25063_2,6
25063_3,7
25063_4,6
25069_1,1
25069_2,5
25069_3,5
25069_4,5
25069_5,5
25076_1,1
25076_2,4
25076_3,5
25087_1,1
25087_2,5
25087_3,1
25087_4,5
25097_1,1
25097_2,6
25097_3,2
25103_1,1
25103_2,5
25103_3,6
25137_1,2
25137_2,5
25137_3,2
25164_1,1
25164_2,5
25164_3,6
25164_4,6
25164_5,4
25169_1,1
25169_2,5
25169_4,7
25176_1,1
25176_2,5
25176_3,6
25176_4,5
25176_5,6
25177_1,2
25177_2,4
25177_3,4
25177_4,5
25196_1,2
25196_2,5
25196_3,5
25206_1,1
25206_2,5
25206_3,5
25206_4,6
25211_1,1
25211_2,4
25211_3,4
25211_4,5
25211_5,6
25211_6,6
25222_1,2
25222_2,5
25222_3,5
25222_4,5
25225_1,2
25225_2,3
25225_3,5
25225_4,6
25227_1,1
25227_2,5
25227_3,5
25233_1,1
25233_2,5
25233_3,6
25243_1,2
25243_2,5
25243_3,4
25245_1,2
25245_2,5
25245_3,7
25245_4,6
25256_1,1
25256_2,4
25256_3,4
25256_4,4
25256_5,6
25268_1,1
25268_2,6
25268_3,5
25272_1,1
25272_2,6
25272_3,5
25272_4,4
25272_5,7
25272_6,5
25272_7,4
25272_8,5
25276_1,1
25276_2,6
25276_3,5
25276_4,5
25293_1,1
25293_2,6
25293_3,5
25293_4,6
25295_1,1
25295_2,5
25295_3,3
25295_4,6
25301_1,1
25301_2,3
25301_3,4
25321_1,1
25321_2,4
25321_3,6
25321_4,5
25321_5,3
25321_6,2
25323_1,0
25323_2,6
25323_3,5
25323_4,5
25323_5,5
25342_1,1
25342_2,6
25342_3,5
25350_1,1
25350_2,6
25350_3,7
25350_4,7
25375_1,2
25375_2,4
25375_3,7
25375_4,5
25390_1,1
25390_2,4
25390_3,5
25390_4,6
25390_5,4
25390_6,7
25390_7,6
25390_8,7
25400_1,2
25400_2,6
25400_3,6
25410_1,1
25410_2,4
25410_3,5
25410_4,5
25434_1,1
25434_2,5
25434_3,5
25434_4,5
25450_1,2
25450_2,5
25450_3,5
25465_1,2
25465_2,4
25465_3,5
25490_1,1
25490_2,6
25490_3,5
25493_1,1
25493_2,5
25493_3,2
25493_4,5
25493_5,6
25493_6,6
25501_1,1
25501_2,5
25501_3,5
25501_4,6
25501_5,7
25516_1,2
25516_2,6
25516_3,4
25516_4,5
25520_1,1
25520_2,5
25520_3,5
25520_4,5
25536_1,1
25536_2,5
25536_3,3
25536_4,3
25543_1,1
25543_2,5
25543_3,5
25547_1,1
25547_2,4
25547_3,5
25565_1,1
25565_2,4
25565_3,7
25565_4,6
25565_5,6
25602_1,1
25602_2,3
25602_3,3
25602_4,5
25602_5,3
25602_6,5
25605_1,1
25605_2,6
25605_3,5
25605_4,5
25614_1,1
25614_2,5
25614_3,7
25614_4,8
25614_5,5
25624_1,1
25624_2,5
25624_3,5
25624_4,6
25624_5,5
25640_1,1
25640_2,5
25640_3,4
25640_4,4
25647_1,1
25647_2,4
25647_3,2
25647_4,4
25677_1,1
25677_2,6
25677_3,7
25677_4,5
25677_5,6
25704_1,1
25704_2,3
25704_3,5
25704_4,2
25728_1,1
25728_2,6
25728_3,5
25744_1,1
25744_2,5
25744_3,5
25762_1,2
25762_2,3
25762_3,5
25762_4,4
25768_1,1
25768_2,5
25768_3,3
25768_4,5
25769_1,2
25769_2,4
25769_3,6
25769_4,5
25783_1,1
25783_2,6
25783_3,3
25797_1,1
25797_2,5
25797_3,5
25797_4,5
25804_1,2
25804_2,6
25804_3,6
25804_4,5
25809_1,2
25809_2,4
25809_3,5
25816_1,1
25816_2,5
25816_3,5
25816_4,5
25823_1,2
25823_2,5
25823_3,3
25823_4,6
25833_1,1
25833_2,6
25833_3,3
25833_4,2
25833_5,5
25833_6,6
25835_1,2
25835_2,6
25835_3,3
25849_1,2
25849_2,5
25849_3,5
25849_4,6
25849_5,5
25849_6,7
25883_1,1
25883_2,5
25883_3,4
25883_4,5
25883_5,2
25883_6,3
25883_7,6
25887_1,1
25887_2,6
25887_3,6
25912_1,1
25912_2,4
25912_3,5
25929_1,1
25929_2,5
25929_3,2
25929_4,5
25929_5,5
25935_1,2
25935_2,4
25935_3,4
25935_4,6
25949_1,2
25949_2,5
25949_3,3
25949_4,2
25949_5,6
25949_6,6
25963_1,1
25963_2,5
25963_3,6
25963_4,7
26013_1,0
26013_2,5
26013_3,4
26013_4,4
26019_1,1
26019_2,4
26019_3,6
26028_1,2
26028_2,3
26028_3,5
26028_4,5
26028_5,6
26028_6,7
26051_1,1
26051_2,3
26051_3,5
26061_1,2
26061_2,6
26061_3,5
26061_4,6
26075_1,1
26075_2,5
26075_3,6
26081_1,1
26081_2,3
26081_3,4
26081_4,2
26081_5,5
26087_1,1
26087_2,5
26087_3,5
26087_4,6
26092_1,1
26092_2,5
26092_3,5
26092_4,7
26097_1,2
26097_2,5
26097_3,5
26097_4,6
26126_1,1
26126_2,5
26126_3,5
26126_4,5
26131_1,1
26131_2,4
26131_3,3
26131_4,3
26155_1,1
26155_2,6
26155_3,6
26155_4,7
26166_1,2
26166_2,5
26166_3,6
26166_4,5
26172_1,1
26172_2,4
26172_3,5
26172_4,5
26172_5,4
26184_1,2
26184_2,4
26184_3,2
26184_4,3
26184_5,7
26184_6,3
26195_1,1
26195_2,4
26195_3,5
26195_4,7
26195_5,6
26197_1,1
26197_2,4
26197_3,3
26197_4,3
26197_5,5
26197_6,5
26224_1,1
26224_2,5
26224_3,4
26224_4,5
26224_5,5
26224_6,5
26224_7,4
26224_8,5
26224_9,4
26224_10,5
26226_1,1
26226_2,5
26226_3,6
26226_4,5
26226_5,4
26241_1,2
26241_2,3
26241_3,6
26241_4,6
26241_5,7
26241_6,6
26251_1,1
26251_2,5
26251_3,5
26251_4,5
26252_1,1
26252_2,5
26252_3,3
26252_4,3
26252_5,3
26252_6,2
26252_7,4
26267_1,3
26267_2,6
26267_3,6
26280_1,1
26280_2,6
26280_3,5
26280_4,5
26280_5,2
26280_6,7
26292_1,1
26292_2,5
26292_3,3
26292_4,5
26292_5,6
26292_6,7
26295_1,1
26295_2,6
26295_3,5
26295_4,4
26295_5,3
26295_6,5
26295_7,5
26295_8,5
26295_9,5
26296_1,1
26296_2,4
26296_3,4
26316_1,1
26316_2,5
26316_3,1
26316_4,3
26316_5,3
26317_1,1
26317_2,5
26317_3,5
26317_4,5
26324_1,1
26324_2,4
26324_3,4
26324_4,5
26324_5,4
26324_6,2
26324_7,7
26324_8,5
26324_9,3
26327_1,1
26327_2,4
26327_3,5
26327_4,5
26327_5,6
26330_1,1
26330_2,5
26330_3,5
26330_4,2
26330_5,6
26330_6,4
26330_7,3
26330_8,5
26335_1,2
26335_2,4
26335_3,3
26341_1,2
26341_2,5
26341_3,6
26341_4,5
26341_5,2
26341_6,3
26341_7,5
26360_1,1
26360_2,5
26360_3,4
26360_4,4
26360_5,5
26360_6,4
26360_7,5
26361_1,2
26361_2,5
26361_3,5
26361_4,5
26361_5,3
26363_1,1
26363_2,5
26363_3,3
26363_4,4
26374_1,1
26374_2,6
26374_3,2
26374_4,4
26374_5,1
26374_6,6
26394_1,2
26394_2,6
26394_3,3
26394_4,5
26422_1,1
26422_2,5
26422_3,5
26424_1,1
26424_2,5
26424_3,5
26424_4,3
26424_5,4
26424_6,6
26424_7,2
26424_8,4
26424_9,7
26424_10,7
26434_1,0
26434_2,5
26434_3,5
26434_4,6
26434_5,5
26452_1,2
26452_2,6
26452_3,1
26454_1,2
26454_2,5
26454_3,5
26460_1,1
26460_2,6
26460_3,5
26460_4,7
26460_5,7
26470_1,1
26470_2,4
26470_3,6
26476_1,2
26476_2,5
26476_3,4
26481_1,1
26481_2,6
26481_3,6
26483_1,1
26483_2,4
26483_3,3
26483_4,6
26487_1,1
26487_2,5
26487_3,5
26501_1,1
26501_2,6
26501_3,5
26504_1,1
26504_2,5
26504_3,6
26517_1,2
26517_2,4
26517_3,4
26517_4,5
26517_5,1
26517_6,4
26521_1,2
26521_2,3
26521_3,7
26521_4,4
26521_5,5
26521_6,5
26521_7,7
26521_8,2
26521_9,7
26521_10,6
26530_1,2
26530_2,1
26530_3,3
26530_4,2
26530_5,4
26530_6,5
26542_1,2
26542_2,5
26542_3,4
26542_4,7
26542_5,6
26564_1,1
26564_2,4
26564_3,2
26564_4,5
26564_5,5
26564_6,3
26564_7,7
26579_1,3
26579_2,3
26579_3,5
26579_4,6
26579_5,6
26579_6,6
26579_7,6
26591_1,1
26591_2,2
26591_3,6
26591_4,5
26594_1,3
26594_2,6
26594_3,3
26606_1,3
26606_2,5
26606_3,7
26609_1,1
26609_2,5
26609_3,4
26609_4,6
26609_5,5
26609_6,5
26609_7,6
26620_1,1
26620_2,5
26620_3,5
26620_4,3
26620_5,3
26620_6,5
26620_7,4
26620_8,5
26620_9,4
26620_10,7
26621_1,1
26621_2,6
26621_3,4
26621_4,5
26633_1,2
26633_2,5
26633_3,6
26655_1,1
26655_2,5
26655_3,4
26691_1,2
26691_2,5
26691_3,6
26691_4,5
26692_1,3
26692_2,3
26692_3,6
26692_4,6
26703_1,2
26703_2,5
26703_3,7
26703_4,6
26732_1,1
26732_2,3
26732_3,5
26732_4,2
26770_1,1
26770_2,4
26770_3,6
26770_4,6
26775_1,1
26775_2,5
26775_3,3
26775_4,4
26775_5,6
26780_1,1
26780_2,5
26780_3,4
26780_4,3
26780_5,6
26780_6,2
26787_1,1
26787_2,6
26787_3,4
26788_1,1
26788_2,5
26788_3,5
26788_4,2
26788_5,5
26795_1,1
26795_2,6
26795_3,5
26795_4,6
26811_1,1
26811_2,5
26811_3,6
26811_4,7
26811_5,2
26811_6,5
26825_1,3
26825_2,6
26825_3,2
26825_4,4
26825_5,6
26840_1,1
26840_2,4
26840_3,6
26840_4,1
26840_5,6
26840_6,8
26840_7,5
26843_1,1
26843_2,4
26843_3,3
26843_4,6
26856_1,1
26856_2,2
26856_3,6
26856_4,7
26870_1,2
26870_2,5
26870_3,5
26881_1,2
26881_2,5
26881_3,7
26894_1,2
26894_2,4
26894_3,1
26894_4,3
26894_5,1
26894_6,5
26894_7,1
26894_8,6
26907_1,2
26907_2,5
26907_3,4
26907_4,6
26907_5,7
26916_1,1
26916_2,6
26916_3,7
26979_1,2
26979_2,4
26979_3,5
26985_1,1
26985_2,5
26985_3,5
26994_1,2
26994_2,5
26994_3,4
27004_1,1
27004_2,5
27004_3,4
27004_4,5
27004_5,1
27004_6,5
27004_7,3
27004_8,5
27004_9,5
27010_1,1
27010_2,3
27010_3,5
27014_1,1
27014_2,5
27014_3,3
27014_4,2
27014_5,4
27014_6,5
27021_1,1
27021_2,6
27021_3,5
27021_4,5
27029_1,1
27029_2,5
27029_3,2
27029_4,3
27035_1,1
27035_2,3
27035_3,2
27035_4,2
27035_5,6
27035_6,7
27054_1,1
27054_2,5
27054_3,3
27054_4,6
27054_5,5
27054_6,6
27059_1,1
27059_2,6
27059_3,5
27068_1,1
27068_2,6
27068_3,5
27068_4,5
27071_1,1
27071_2,6
27071_3,5
27081_1,1
27081_2,5
27081_3,5
27081_4,5
27117_1,1
27117_2,5
27117_3,1
27117_4,6
27121_1,1
27121_2,5
27121_3,6
27125_1,2
27125_2,5
27125_3,2
27125_4,5
27137_1,1
27137_2,2
27137_3,5
27137_4,3
27137_5,5
27137_6,7
27149_1,2
27149_2,2
27149_3,4
27149_4,5
27149_5,5
27152_1,3
27152_2,6
27152_3,5
27159_1,1
27159_2,5
27159_3,6
27159_4,7
27162_1,2
27162_2,2
27162_3,6
27162_4,6
27172_1,1
27172_2,5
27172_3,2
27172_4,4
27172_5,5
27173_1,2
27173_2,6
27173_3,5
27176_1,1
27176_2,6
27176_3,5
27177_1,1
27177_2,5
27177_3,5
27177_4,7
27177_5,5
27183_1,2
27183_2,5
27183_3,5
27185_1,1
27185_2,6
27185_3,6
27187_1,1
27187_2,5
27187_3,6
27187_4,3
27187_5,3
27198_1,1
27198_2,5
27198_3,4
27198_4,5
27200_1,1
27200_2,5
27200_3,2
27200_4,2
27212_1,2
27212_2,5
27212_3,5
27212_4,3
27221_1,1
27221_2,4
27221_3,1
27221_4,6
27233_1,2
27233_2,5
27233_3,5
27234_1,1
27234_2,3
27234_3,5
27237_1,1
27237_2,5
27237_3,6
27243_1,1
27243_2,5
27243_3,5
27267_1,2
27267_2,4
27267_3,2
27267_4,4
27280_1,2
27280_2,5
27280_3,5
27280_5,4
27280_6,5
27280_7,6
27311_1,1
27311_2,3
27311_3,5
27311_4,5
27313_1,2
27313_2,2
27313_3,3
27313_4,4
27313_5,5
27313_6,6
27313_7,6
27313_8,6
27349_1,1
27349_2,4
27349_3,5
27349_4,6
27349_5,5
27349_6,5
27349_7,6
27349_8,7
27380_1,1
27380_2,5
27380_3,5
27380_4,4
27380_5,7
27380_6,8
27380_7,5
27380_8,4
27396_1,2
27396_2,5
27396_3,3
27396_4,6
27396_5,2
27396_6,5
27396_7,4
27396_8,5
27402_1,1
27402_2,4
27402_3,3
27402_4,5
27412_1,1
27412_2,5
27412_3,6
27415_1,1
27415_2,5
27415_3,1
27415_4,5
27425_1,2
27425_2,4
27425_3,2
27432_1,1
27432_2,4
27432_3,5
27432_4,3
27438_1,1
27438_2,5
27438_3,5
27438_4,4
27461_1,2
27461_2,5
27461_3,5
27468_1,1
27468_2,4
27468_3,6
27469_1,1
27469_2,5
27469_3,5
27475_1,1
27475_2,5
27475_3,7
27475_4,7
27477_1,1
27477_2,5
27477_3,4
27477_4,4
27477_5,3
27477_6,5
27479_1,2
27479_2,5
27479_3,1
27479_4,4
27484_1,1
27484_2,4
27484_3,4
27484_4,5
27484_5,5
27508_1,1
27508_2,5
27508_3,5
27517_1,1
27517_2,4
27517_3,5
27517_4,6
27517_5,7
27527_1,1
27527_2,5
27527_3,7
27527_4,7
27537_1,1
27537_2,6
27537_3,2
27537_4,6
27539_1,2
27539_2,6
27539_3,7
27539_4,7
27546_1,1
27546_2,5
27546_3,4
27546_4,5
27546_5,4
27546_6,3
27595_1,1
27595_2,4
27595_3,5
27595_4,6
27604_1,1
27604_2,6
27604_3,6
27604_4,4
27613_1,1
27613_2,5
27613_3,6
27613_4,5
27623_1,1
27623_2,5
27623_3,4
27633_1,2
27633_2,5
27633_3,7
27633_4,7
27648_1,1
27648_2,2
27648_3,4
27648_4,4
27648_5,4
27648_6,4
27648_7,5
27671_1,1
27671_2,6
27671_3,5
27680_1,1
27680_2,5
27680_3,4
27680_4,7
27680_5,7
27684_1,3
27684_2,4
27684_3,3
27684_4,5
27684_5,6
27691_1,1
27691_2,4
27691_3,3
27691_4,6
27691_5,7
27709_1,2
27709_2,4
27709_3,5
27709_4,6
27714_1,1
27714_2,5
27714_3,5
27714_4,2
27714_5,5
27714_6,5
27714_7,4
27714_8,5
27725_1,1
27725_2,4
27725_3,2
27725_4,3
27733_1,0
27733_2,3
27733_3,2
27756_1,1
27756_2,5
27756_3,4
27767_1,2
27767_2,3
27767_3,6
27767_4,5
27767_5,5
27767_6,6
27789_1,1
27789_2,5
27789_3,5
27789_4,5
27789_5,2
27789_6,5
27789_7,2
27789_8,4
27790_1,1
27790_2,5
27790_3,5
27790_4,5
27800_1,1
27800_2,5
27800_3,6
27800_4,6
27800_5,6
27840_1,1
27840_2,5
27840_3,3
27840_4,5
27843_1,2
27843_2,5
27843_3,1
27843_4,5
27843_5,4
27860_1,1
27860_2,5
27860_3,4
27860_4,2
27860_5,5
27866_1,1
27866_2,5
27866_3,5
27874_1,1
27874_2,2
27874_3,2
27885_1,2
27885_2,6
27885_3,7
27885_4,6
27888_1,1
27888_2,6
27888_3,6
27888_4,6
27888_5,5
27897_1,1
27897_2,4
27897_3,4
27897_4,7
27931_1,1
27931_2,5
27931_3,4
27931_4,5
27931_5,4
27931_6,2
27931_7,6
27931_8,5
27931_9,7
27931_10,7
27942_1,1
27942_2,5
27942_3,6
27942_4,5
27944_1,1
27944_2,4
27944_3,5
27944_4,7
27974_1,1
27974_2,5
27974_3,4
27974_4,5
27974_5,5
27974_6,5
27980_1,1
27980_2,5
27980_3,6
28009_1,2
28009_2,3
28009_3,3
28009_4,5
28009_5,7
28009_6,7
28011_1,2
28011_2,4
28011_3,6
28011_4,5
28011_5,6
28011_6,7
28017_1,1
28017_2,4
28017_3,5
28017_4,4
28054_1,1
28054_2,3
28054_3,5
28054_4,6
28054_5,3
28054_6,5
28065_1,1
28065_2,3
28065_3,6
28065_4,7
28080_1,1
28080_2,7
28080_3,7
28080_4,7
28097_1,3
28097_2,6
28097_3,6
28097_4,7
28129_1,2
28129_2,5
28129_3,3
28129_4,5
28132_1,1
28132_2,5
28132_3,5
28132_4,5
28132_5,5
28132_6,5
28132_7,6
28137_1,1
28137_2,6
28137_3,5
28137_4,4
28180_1,1
28180_2,5
28180_3,5
28180_4,6
28180_5,7
28212_1,1
28212_2,3
28212_3,3
28212_4,5
28212_5,6
28212_6,6
28212_7,4
28212_8,6
28212_9,3
28223_1,1
28223_2,5
28223_3,3
28234_1,1
28234_2,5
28234_3,3
28234_4,5
28237_1,2
28237_2,5
28237_3,5
28237_4,5
28237_5,5
28244_1,1
28244_2,5
28244_3,5
28258_1,1
28258_2,5
28258_3,7
28258_4,6
28258_5,5
28296_1,1
28296_2,5
28296_3,1
28296_4,5
28298_1,2
28298_2,5
28298_3,5
28298_4,6
28298_5,5
28298_6,7
28298_7,5
28298_8,7
28308_1,1
28308_2,5
28308_3,5
28308_4,5
28314_1,1
28314_2,4
28314_3,6
28314_4,5
28343_1,1
28343_2,3
28343_3,1
28348_1,2
28348_2,5
28348_3,5
28348_4,5
28348_5,3
28348_6,5
28348_7,3
28348_8,4
28348_9,7
28348_10,7
28358_1,1
28358_2,5
28358_3,5
28358_4,3
28381_1,1
28381_2,5
28381_3,6
28393_1,1
28393_2,5
28393_3,5
28397_1,1
28397_2,5
28397_3,3
28397_4,3
28397_5,2
28417_1,1
28417_2,5
28417_3,4
28421_1,1
28421_2,5
28421_3,6
28421_4,5
28445_1,1
28445_2,5
28445_3,2
28445_4,5
28462_1,1
28462_2,5
28462_3,5
28462_4,5
28473_1,0
28473_2,5
28473_3,5
28473_4,5
28473_5,5
28473_6,5
28473_7,6
28498_1,1
28498_2,3
28498_3,1
28498_4,4
28498_5,5
28498_6,5
28498_7,5
28498_8,5
28498_9,5
28498_10,5
28499_1,1
28499_2,6
28499_3,5
28512_1,1
28512_2,5
28512_3,4
28512_4,7
28523_1,1
28523_2,5
28523_3,3
28523_4,4
28523_5,6
28542_1,1
28542_2,3
28542_3,3
28542_4,5
28542_5,1
28542_6,5
28542_7,5
28542_8,3
28542_9,1
28542_10,7
28566_1,1
28566_2,4
28566_3,4
28597_1,2
28597_2,6
28597_3,6
28606_1,1
28606_2,5
28606_3,3
28606_4,5
28636_1,1
28636_2,5
28636_3,3
28636_4,5
28642_1,1
28642_2,3
28642_3,5
28642_4,5
28690_1,1
28690_2,5
28690_3,2
28690_4,5
28700_1,1
28700_2,5
28700_3,2
28700_4,2
28700_5,4
28700_6,1
28707_1,1
28707_2,4
28707_3,2
28707_4,5
28707_5,5
28707_6,7
28707_8,6
28713_1,1
28713_2,2
28713_3,3
28720_1,1
28720_2,5
28720_3,2
28720_4,4
28720_5,2
28720_6,3
28720_7,5
28728_1,2
28728_2,4
28728_3,5
28728_4,4
28728_5,6
28759_1,2
28759_2,6
28759_3,6
28759_4,5
28759_5,6
28759_6,5
28759_7,5
28785_1,2
28785_2,5
28785_3,3
28794_1,2
28794_2,4
28794_3,3
28814_1,2
28814_2,3
28814_3,5
28814_4,5
28814_5,6
28814_6,5
28823_1,1
28823_2,2
28823_3,3
28823_4,4
28823_5,6
28823_6,6
28845_1,1
28845_2,5
28845_3,1
28845_4,5
28913_1,1
28913_2,4
28913_3,5
28913_4,7
28913_5,7
28920_1,1
28920_2,6
28920_3,4
28920_4,5
28920_5,6
29053_1,1
29053_2,3
29053_3,7
29053_4,7
29067_1,1
29067_2,5
29067_3,6
29067_4,6
29166_1,1
29166_2,5
29166_4,4
29199_1,1
29199_2,5
29199_3,6
29245_1,1
29245_2,5
29245_3,7
29245_4,4
29245_5,6
29427_1,3
29427_2,3
29427_3,4
29427_4,3
29427_5,5
29427_6,5
29460_1,1
29460_2,5
29460_3,5
29486_1,3
29486_2,4
29486_3,2
29486_4,7
29486_5,3
29486_6,6
29492_1,1
29492_2,2
29492_3,4
29518_1,1
29518_2,5
29518_3,6
29528_1,2
29528_2,5
29528_3,6
29528_4,7
29546_1,1
29546_2,6
29546_3,6
29546_4,5
29546_5,6
29546_6,7
29546_7,6
29546_8,7
29546_9,7
29581_1,2
29581_2,3
29581_3,4
29581_4,4
29581_5,5
29598_1,1
29598_2,5
29598_3,6
29598_4,5
29671_1,0
29671_2,5
29671_3,6
29709_1,1
29709_2,5
29709_3,5
29709_4,6
29709_5,5
29751_1,2
29751_2,5
29751_3,7
29771_1,1
29771_2,5
29771_3,3
29771_4,5
29771_5,5
29771_6,2
29771_7,4
29866_1,1
29866_2,5
29866_3,2
29866_4,5
29874_1,2
29874_2,6
29874_3,5
29874_4,4
29874_5,2
29874_6,5
29874_7,5
29890_1,1
29890_2,5
29890_3,4
29890_4,4
29890_5,2
29890_6,5
29890_7,6
29905_1,2
29905_2,5
29905_3,5
29911_1,1
29911_2,5
29911_3,6
29911_4,5
29911_5,5
34242_1,2
34242_2,4
34242_3,6
34242_4,5
34246_1,1
34246_2,6
34246_3,5
34246_4,5
34246_5,2
34249_1,1
34249_2,5
34249_3,5
34249_4,6
34255_1,1
34255_2,5
34255_3,3
34255_4,2
34262_1,1
34262_2,3
34262_3,4
34262_4,5
34268_1,1
34268_2,6
34268_3,4
34268_4,2
34268_5,5
34268_6,3
34268_7,5
34278_1,1
34278_2,4
34278_3,6
34278_4,5
34278_5,5
34278_6,6
34278_7,4
34278_8,6
34278_9,7
34278_10,8
34282_1,2
34282_2,6
34282_3,7
34282_4,6
34287_1,2
34287_2,5
34287_3,5
34291_1,2
34291_2,4
34291_3,3
34291_4,5
34291_5,4
34291_6,5
34291_7,4
34291_8,6
34296_1,1
34296_2,4
34296_3,5
34302_1,0
34302_2,2
34302_3,5
34302_4,5
34302_5,5
34304_1,1
34304_2,4
34304_3,6
34306_1,1
34306_2,6
34306_3,5
34306_4,4
34306_5,5
34308_1,1
34308_2,5
34308_3,6
34315_1,1
34315_2,5
34315_3,5
34315_4,3
34315_5,7
34315_6,6
34315_7,5
34317_1,1
34317_2,5
34317_3,5
34317_4,3
34317_5,5
34317_6,3
34317_7,6
34320_1,2
34320_2,3
34320_3,3
34322_1,2
34322_2,6
34322_3,5
34322_4,5
34325_1,1
34325_2,4
34325_3,5
34325_4,5
34327_1,3
34327_2,2
34327_3,5
34330_1,1
34330_2,4
34330_3,5
34330_4,6
34335_1,1
34335_2,6
34335_3,5
34340_1,1
34340_2,5
34340_3,6
34340_4,6
34341_1,1
34341_2,6
34341_3,5
34345_1,1
34345_2,5
34345_3,5
34348_1,1
34348_2,4
34348_3,3
34348_4,1
34348_5,3
34348_6,5
34348_7,5
34353_1,1
34353_2,4
34353_3,5
34353_4,7
34353_6,5
34364_1,2
34364_2,5
34364_3,4
34364_4,5
34364_5,4
34364_6,1
34364_7,5
34364_8,5
34364_9,7
34367_1,1
34367_2,5
34367_3,5
34372_1,1
34372_2,7
34372_3,5
34377_1,1
34377_2,5
34377_3,4
34377_4,3
34397_1,1
34397_2,5
34397_3,6
34408_1,1
34408_2,4
34408_3,5
34408_4,4
34408_5,4
34408_6,5
34408_7,6
34411_1,1
34411_2,3
34411_3,2
34411_4,3
34411_5,5
34413_1,1
34413_2,5
34413_3,6
34414_1,1
34414_2,6
34414_3,7
34419_1,1
34419_2,5
34419_3,5
34419_4,3
34419_5,5
34419_6,5
34419_7,5
34422_1,1
34422_2,5
34422_3,5
34422_4,5
34422_5,6
34423_1,1
34423_2,5
34423_3,3
34437_1,1
34437_2,4
34437_3,6
34442_1,2
34442_2,5
34442_3,6
34442_4,5
34442_5,5
34446_1,2
34446_2,4
34446_3,5
34446_4,7
34446_5,6
34448_1,1
34448_2,5
34448_3,5
34455_1,1
34455_2,2
34455_3,5
34488_1,1
34488_2,4
34488_3,2
34488_4,3
34488_5,4
34488_6,5
34542_1,2
34542_2,5
34542_3,5
34563_1,2
34563_2,5
34563_3,5
34563_4,5
34580_1,1
34580_2,4
34580_3,2
34580_4,5
34580_5,4
34580_6,5
34580_7,5
34580_8,6
34580_9,3
34580_10,2
34615_1,2
34615_2,5
34615_3,2
34615_4,5
34615_5,3
34628_1,1
34628_2,5
34628_3,5
34628_4,3
34628_5,3
34628_6,4
34628_7,2
34632_1,1
34632_2,6
34632_3,5
34638_1,2
34638_2,6
34638_3,2
34638_4,4
34638_5,3
34638_6,3
34638_7,5
34638_8,5
34640_1,2
34640_2,5
34640_3,6
34645_1,1
34645_2,6
34645_3,5
34645_4,4
34645_5,1
34651_1,1
34651_2,6
34651_3,5
34651_4,6
34653_1,2
34653_2,6
34653_3,2
34653_4,5
34658_1,1
34658_2,4
34658_3,7
34661_1,1
34661_2,4
34661_3,6
34665_1,1
34665_2,5
34665_3,5
34665_4,4
34665_5,6
34665_6,2
34665_7,6
34665_8,7
34669_1,1
34669_2,6
34669_3,5
34674_1,1
34674_2,5
34674_3,7
34674_4,6
34674_5,1
34674_6,4
34679_1,1
34679_2,6
34679_3,7
34679_4,6
34682_1,1
34682_2,5
34682_3,5
34682_4,5
34695_1,1
34695_2,5
34695_3,6
34714_1,1
34714_2,6
34714_3,4
34714_4,4
34714_5,6
34714_6,6
34714_7,6
34717_1,1
34717_2,5
34717_3,7
34717_4,5
34720_1,2
34720_2,6
34720_3,5
34722_1,1
34722_2,5
34722_3,5
34722_4,5
34723_1,1
34723_2,4
34723_3,7
34725_1,2
34725_2,6
34725_3,5
34728_1,1
34728_2,2
34728_3,5
34728_4,6
34731_1,3
34731_2,5
34731_3,3
34731_4,4
34731_5,4
34731_6,6
34731_7,7
34744_1,2
34744_2,5
34744_3,3
34744_4,5
34744_5,7
34744_6,7
34745_1,2
34745_2,5
34745_3,5
34748_1,2
34748_2,5
34748_3,6
34748_4,7
34752_1,1
34752_2,5
34752_3,4
34752_4,2
34752_5,5
34752_6,6
34753_1,1
34753_2,5
34753_3,6
34755_1,1
34755_2,5
34755_3,2
34755_4,7
34758_1,3
34758_2,3
34758_3,5
34761_1,2
34761_2,5
34761_3,6
34761_4,5
34761_5,5
34761_6,5
